"Address","Content Type","Status Code","Status","Indexability","Indexability Status","Inlinks","Response Time","Redirect URL","Redirect Type"
"https://www.sowerbysholidaycottages.co.uk/","text/html; charset=UTF-8","200","OK","Indexable","","706","1.022","",""
"https://www.sowerbysholidaycottages.co.uk/wp-content/themes/sowerbys-holiday-cottages/css/bootstrap.min.css?ver=6.9.4","text/css","200","OK","Indexable","","0","0.018","",""
"https://www.sowerbysholidaycottages.co.uk/wp-includes/js/jquery/jquery-migrate.min.js?ver=3.4.1","application/javascript","200","OK","Indexable","","0","0.058","",""
"https://www.sowerbysholidaycottages.co.uk/inspiration/","text/html; charset=UTF-8","200","OK","Indexable","","355","0.532","",""
"https://www.sowerbysholidaycottages.co.uk/inspiration/norfolk-holiday-cottage-special-offers/","text/html; charset=UTF-8","200","OK","Indexable","","1058","1.423","",""
"https://www.sowerbysholidaycottages.co.uk/norfolk-holiday-locations/alphabetical-list-of-villages/","text/html; charset=UTF-8","200","OK","Indexable","","355","1.471","",""
"https://www.sowerbysholidaycottages.co.uk/wp-content/themes/sowerbys-holiday-cottages/js/local-rewards-filter.js?ver=1773842166","application/javascript","200","OK","Indexable","","0","0.019","",""
"https://www.sowerbysholidaycottages.co.uk/popular-norfolk-holiday-features/luxury-collection/","text/html; charset=UTF-8","200","OK","Indexable","","356","1.655","",""
"https://www.sowerbysholidaycottages.co.uk/holiday-cottage-owner-information/owner-testimonials/","text/html; charset=UTF-8","200","OK","Indexable","","355","2.135","",""
"https://www.sowerbysholidaycottages.co.uk/wp-includes/js/jquery/jquery.min.js?ver=3.7.1","application/javascript","200","OK","Indexable","","0","0.026","",""
"https://www.sowerbysholidaycottages.co.uk/wp-content/plugins/instagram-feed/css/sbi-styles.min.css?ver=6.10.1","text/css","200","OK","Indexable","","0","0.061","",""
"https://www.sowerbysholidaycottages.co.uk/about-sowerbys-holiday-cottages/faqs/","text/html; charset=UTF-8","200","OK","Indexable","","355","0.967","",""
"https://www.sowerbysholidaycottages.co.uk/norfolk-holiday-cottage-search/?start_date=&duration=&sleeps=&dogs=&village=&bedrooms=&bathrooms=&property=&special_offer=yes","text/html; charset=UTF-8","200","OK","Non-Indexable","Canonicalised","8","2.724","",""
"https://www.sowerbysholidaycottages.co.uk/norfolk-holiday-cottage-search/?start_date=&duration=&sleeps=&dogs=&property=&bedrooms=&bathrooms=&village=&new=yes","text/html; charset=UTF-8","200","OK","Non-Indexable","Canonicalised","8","2.203","",""
"https://www.sowerbysholidaycottages.co.uk/wp-content/plugins/contact-form-7/includes/css/styles.css?ver=6.1.5","text/css","200","OK","Indexable","","0","0.017","",""
"https://www.sowerbysholidaycottages.co.uk/popular-norfolk-holiday-features/sea-views/","text/html; charset=UTF-8","200","OK","Indexable","","356","2.578","",""
"https://www.sowerbysholidaycottages.co.uk/norfolk-holiday-cottage-search/?start_date=&duration=&sleeps=&dogs=&property=&action=quicksearch&bedrooms=&bathrooms=&village=&has_sea_view=yes","text/html; charset=UTF-8","200","OK","Non-Indexable","Canonicalised","8","3.252","",""
"https://www.sowerbysholidaycottages.co.uk/wp-includes/js/dist/i18n.min.js?ver=c26c3dc7bed366793375","application/javascript","200","OK","Indexable","","0","0.039","",""
"https://www.sowerbysholidaycottages.co.uk/wp-content/themes/sowerbys-holiday-cottages/js/fslightbox.js","application/javascript","200","OK","Indexable","","0","0.016","",""
"https://www.sowerbysholidaycottages.co.uk/wp-content/themes/sowerbys-holiday-cottages/js/main.js","application/javascript","200","OK","Indexable","","0","0.054","",""
"https://www.sowerbysholidaycottages.co.uk/wp-includes/js/dist/hooks.min.js?ver=dd5603f07f9220ed27f1","application/javascript","200","OK","Indexable","","0","0.061","",""
"https://www.sowerbysholidaycottages.co.uk/bespoke-management-service/","text/html; charset=UTF-8","200","OK","Indexable","","355","0.605","",""
"https://www.sowerbysholidaycottages.co.uk/wp-content/themes/sowerbys-holiday-cottages/js/clipboard.min.js","application/javascript","200","OK","Indexable","","0","0.020","",""
"https://www.sowerbysholidaycottages.co.uk/wp-content/plugins/sidekick-favourites/assets/js/favourites.js?ver=1.0.0","application/javascript","200","OK","Indexable","","0","0.052","",""
"https://www.sowerbysholidaycottages.co.uk/norfolk-holiday-cottages/washmeres/","text/html; charset=UTF-8","200","OK","Indexable","","28","1.705","",""
"https://www.sowerbysholidaycottages.co.uk/popular-norfolk-holiday-features/electric-charging/","text/html; charset=UTF-8","200","OK","Indexable","","356","1.443","",""
"https://www.sowerbysholidaycottages.co.uk/wp-content/plugins/google-site-kit/dist/assets/js/googlesitekit-events-provider-contact-form-7-83c32a029ed2cf5b6a82.js","application/javascript","200","OK","Indexable","","0","0.020","",""
"https://www.sowerbysholidaycottages.co.uk/norfolk-holiday-locations/","text/html; charset=UTF-8","200","OK","Indexable","","356","1.820","",""
"https://www.sowerbysholidaycottages.co.uk/wishlist","text/html; charset=UTF-8","301","Moved Permanently","Non-Indexable","Redirected","350","0.703","https://www.sowerbysholidaycottages.co.uk/wishlist/","HTTP Redirect"
"https://www.sowerbysholidaycottages.co.uk/wp-content/plugins/wp-smushit/app/assets/js/smush-lazy-load.min.js?ver=4.0.2","application/javascript","200","OK","Indexable","","0","0.017","",""
"https://www.sowerbysholidaycottages.co.uk/about-sowerbys-holiday-cottages/meet-the-team/","text/html; charset=UTF-8","200","OK","Indexable","","355","0.850","",""
"https://www.sowerbysholidaycottages.co.uk/popular-norfolk-holiday-features/romantic-break/","text/html; charset=UTF-8","200","OK","Indexable","","356","1.710","",""
"https://www.sowerbysholidaycottages.co.uk/contact-sowerbys-holiday-cottages/","text/html; charset=UTF-8","200","OK","Indexable","","634","0.609","",""
"https://www.sowerbysholidaycottages.co.uk/norfolk-holiday-cottages/little-barwick/","text/html; charset=UTF-8","200","OK","Indexable","","42","1.593","",""
"https://www.sowerbysholidaycottages.co.uk/cdn-cgi/scripts/7d0fa10a/cloudflare-static/rocket-loader.min.js","application/javascript","200","OK","Indexable","","0","0.016","",""
"https://www.sowerbysholidaycottages.co.uk/wp-content/plugins/superwp/public/css/superwp-public.css?ver=1.0.0","text/css","200","OK","Indexable","","0","0.029","",""
"https://www.sowerbysholidaycottages.co.uk/wp-content/themes/sowerbys-holiday-cottages/css/slick.css?ver=1674500144","text/css","200","OK","Indexable","","0","0.053","",""
"https://www.sowerbysholidaycottages.co.uk/norfolk-holiday-cottage-search/?start_date=&duration=&sleeps=&dogs=&villageorproperty=&bedrooms=&bathrooms=&dogs_by_arrangement=yes&dogs_accepted=yes","text/html; charset=UTF-8","200","OK","Non-Indexable","Canonicalised","8","9.363","",""
"https://www.sowerbysholidaycottages.co.uk/norfolk-holiday-cottages/violet/","text/html; charset=UTF-8","200","OK","Indexable","","45","2.018","",""
"https://www.sowerbysholidaycottages.co.uk/wp-content/themes/sowerbys-holiday-cottages/js/jquery-3.3.1.min.js?ver=6.9.4","application/javascript","200","OK","Indexable","","0","0.017","",""
"https://www.sowerbysholidaycottages.co.uk/wp-content/plugins/contact-form-7/modules/recaptcha/index.js?ver=6.1.5","application/javascript","200","OK","Indexable","","0","0.058","",""
"https://www.sowerbysholidaycottages.co.uk/wp-content/themes/sowerbys-holiday-cottages/js/ajax-search.js?ver=1765113141","application/javascript","200","OK","Indexable","","0","0.049","",""
"https://www.sowerbysholidaycottages.co.uk/inspiration/blog/","text/html; charset=UTF-8","200","OK","Indexable","","358","0.570","",""
"https://www.sowerbysholidaycottages.co.uk/inspiration/things-to-do-in-norfolk/","text/html; charset=UTF-8","200","OK","Indexable","","358","1.042","",""
"https://www.sowerbysholidaycottages.co.uk/terms-and-conditions/","text/html; charset=UTF-8","200","OK","Indexable","","633","0.798","",""
"https://www.sowerbysholidaycottages.co.uk/wp-includes/js/dist/vendor/wp-polyfill.min.js?ver=3.15.0","application/javascript","200","OK","Indexable","","0","0.024","",""
"https://www.sowerbysholidaycottages.co.uk/wp-content/themes/sowerbys-holiday-cottages/js/bootstrap.bundle.min.js","application/javascript","200","OK","Indexable","","0","0.053","",""
"https://www.sowerbysholidaycottages.co.uk/request-your-free-homeowners-guide/","text/html; charset=UTF-8","200","OK","Indexable","","355","0.766","",""
"https://www.sowerbysholidaycottages.co.uk/wp-content/themes/sowerbys-holiday-cottages/css/style.css?ver=1777283309","text/css","200","OK","Indexable","","0","0.076","",""
"https://www.sowerbysholidaycottages.co.uk/about-sowerbys-holiday-cottages/","text/html; charset=UTF-8","200","OK","Indexable","","356","0.462","",""
"https://www.sowerbysholidaycottages.co.uk/norfolk-holiday-cottage-search","text/html; charset=UTF-8","301","Moved Permanently","Non-Indexable","Redirected","350","0.501","https://www.sowerbysholidaycottages.co.uk/norfolk-holiday-cottage-search/","HTTP Redirect"
"https://www.sowerbysholidaycottages.co.uk/norfolk-holiday-cottages/beachside/","text/html; charset=UTF-8","200","OK","Indexable","","15","1.362","",""
"https://www.sowerbysholidaycottages.co.uk/wp-content/plugins/superwp/public/js/superwp-public.js?ver=1.0.0","application/javascript","200","OK","Indexable","","0","0.021","",""
"https://www.sowerbysholidaycottages.co.uk/wp-content/plugins/sidekick-favourites/assets/css/favourites.css?ver=1.0.0","text/css","200","OK","Indexable","","0","0.060","",""
"https://www.sowerbysholidaycottages.co.uk/wp-content/plugins/contact-form-7/includes/swv/js/index.js?ver=6.1.5","application/javascript","200","OK","Indexable","","0","0.061","",""
"https://www.sowerbysholidaycottages.co.uk/wp-content/plugins/contact-form-7/includes/js/index.js?ver=6.1.5","application/javascript","200","OK","Indexable","","0","0.062","",""
"https://www.sowerbysholidaycottages.co.uk/about-sowerbys-holiday-cottages/our-norfolk-estate-agents/","text/html; charset=UTF-8","200","OK","Indexable","","355","0.617","",""
"https://www.sowerbysholidaycottages.co.uk/inspiration/norfolk-events/","text/html; charset=UTF-8","200","OK","Indexable","","358","1.064","",""
"https://www.sowerbysholidaycottages.co.uk/seasonal-guide-request/","text/html; charset=UTF-8","200","OK","Indexable","","8","0.826","",""
"https://www.sowerbysholidaycottages.co.uk/norfolk-holiday-cottage-search/alphabetical-list/","text/html; charset=UTF-8","200","OK","Indexable","","355","1.685","",""
"https://www.sowerbysholidaycottages.co.uk/wp-content/themes/sowerbys-holiday-cottages/assets/images/logo-dark.svg","image/svg+xml","200","OK","Indexable","","0","0.078","",""
"https://www.sowerbysholidaycottages.co.uk/inspiration/seasonal-guides/","text/html; charset=UTF-8","200","OK","Indexable","","355","0.855","",""
"https://www.sowerbysholidaycottages.co.uk/wp-content/themes/sowerbys-holiday-cottages/js/slick.min.js","application/javascript","200","OK","Indexable","","0","0.022","",""
"https://www.sowerbysholidaycottages.co.uk/norfolk-holiday-cottage-search/?start_date=&duration=&sleeps=10&dogs=&property=&bedrooms=&bathrooms=&village=","text/html; charset=UTF-8","200","OK","Non-Indexable","Canonicalised","357","1.477","",""
"https://www.sowerbysholidaycottages.co.uk/wp-content/themes/sowerbys-holiday-cottages/css/slick-theme.css?ver=1674500144","text/css","200","OK","Indexable","","0","0.017","",""
"https://www.sowerbysholidaycottages.co.uk/holiday-cottage-owner-information/","text/html; charset=UTF-8","200","OK","Indexable","","355","0.678","",""
"https://www.sowerbysholidaycottages.co.uk/wp-content/plugins/instagram-feed/js/sbi-scripts.min.js?ver=6.10.1","application/javascript","200","OK","Indexable","","0","0.022","",""
"https://www.sowerbysholidaycottages.co.uk/popular-norfolk-holiday-features/dogs-accepted/","text/html; charset=UTF-8","200","OK","Indexable","","356","3.492","",""
"https://www.sowerbysholidaycottages.co.uk/norfolk-holiday-cottages/aster-house/","text/html; charset=UTF-8","200","OK","Indexable","","38","1.451","",""
"https://www.sowerbysholidaycottages.co.uk/norfolk-holiday-cottages/3-the-old-school/","text/html; charset=UTF-8","200","OK","Indexable","","33","1.127","",""
"https://www.sowerbysholidaycottages.co.uk/wp-content/uploads/2022/11/hot-tub.svg","image/svg+xml","200","OK","Indexable","","0","0.020","",""
"https://www.sowerbysholidaycottages.co.uk/wp-content/uploads/2022/11/wifi.svg","image/svg+xml","200","OK","Indexable","","0","0.119","",""
"https://www.sowerbysholidaycottages.co.uk/norfolk-holiday-cottages/channel-view-and-cottage/","text/html; charset=UTF-8","200","OK","Indexable","","46","1.240","",""
"https://www.sowerbysholidaycottages.co.uk/norfolk-holiday-cottages/3-marshland-barns/","text/html; charset=UTF-8","200","OK","Indexable","","46","1.398","",""
"https://www.sowerbysholidaycottages.co.uk/norfolk-holiday-cottage-search/","text/html; charset=UTF-8","200","OK","Indexable","","356","10.389","",""
"https://www.sowerbysholidaycottages.co.uk/norfolk-holiday-cottages/the-dairy-barn-2-bedrooms/","text/html; charset=UTF-8","200","OK","Indexable","","46","1.110","",""
"https://www.sowerbysholidaycottages.co.uk/norfolk-holiday-cottages/pantiles/","text/html; charset=UTF-8","200","OK","Indexable","","33","1.176","",""
"https://www.sowerbysholidaycottages.co.uk/norfolk-holiday-cottages/crowberry-barn/","text/html; charset=UTF-8","200","OK","Indexable","","33","1.287","",""
"https://www.sowerbysholidaycottages.co.uk/norfolk-holiday-cottages/close-cottage/","text/html; charset=UTF-8","200","OK","Indexable","","53","1.154","",""
"https://www.sowerbysholidaycottages.co.uk/norfolk-holiday-cottages/sunnyvale/","text/html; charset=UTF-8","200","OK","Indexable","","23","1.563","",""
"https://www.sowerbysholidaycottages.co.uk/wp-content/uploads/2022/11/sea-view.svg","image/svg+xml","200","OK","Indexable","","0","0.019","",""
"https://www.sowerbysholidaycottages.co.uk/norfolk-holiday-cottages/nelson-cottage/","text/html; charset=UTF-8","200","OK","Indexable","","33","1.412","",""
"https://www.sowerbysholidaycottages.co.uk/wp-content/uploads/2022/11/park.svg","image/svg+xml","200","OK","Indexable","","0","0.059","",""
"https://www.sowerbysholidaycottages.co.uk/norfolk-holiday-cottages/sybil-cottage/","text/html; charset=UTF-8","200","OK","Indexable","","23","1.299","",""
"https://www.sowerbysholidaycottages.co.uk/norfolk-holiday-cottages/the-old-forge/","text/html; charset=UTF-8","200","OK","Indexable","","23","1.413","",""
"https://www.sowerbysholidaycottages.co.uk/norfolk-holiday-cottages/slumber-barn-5-bedrooms/","text/html; charset=UTF-8","200","OK","Indexable","","46","1.061","",""
"https://www.sowerbysholidaycottages.co.uk/norfolk-holiday-cottages/flagstaff-cottage/","text/html; charset=UTF-8","200","OK","Indexable","","43","1.213","",""
"https://www.sowerbysholidaycottages.co.uk/norfolk-holiday-cottages/the-old-post-office/","text/html; charset=UTF-8","200","OK","Indexable","","33","1.296","",""
"https://www.sowerbysholidaycottages.co.uk/norfolk-holiday-cottages/the-dairy-barn/","text/html; charset=UTF-8","200","OK","Indexable","","53","1.179","",""
"https://www.sowerbysholidaycottages.co.uk/wp-content/uploads/2022/11/bed.svg","image/svg+xml","200","OK","Indexable","","0","0.019","",""
"https://www.sowerbysholidaycottages.co.uk/norfolk-holiday-cottages/oak-tree-cottage/","text/html; charset=UTF-8","200","OK","Indexable","","36","1.203","",""
"https://www.sowerbysholidaycottages.co.uk/wp-content/uploads/2022/11/electric.svg","image/svg+xml","200","OK","Indexable","","0","0.018","",""
"https://www.sowerbysholidaycottages.co.uk/norfolk-holiday-cottages/1-king-william-cottage/","text/html; charset=UTF-8","200","OK","Indexable","","23","1.516","",""
"https://www.sowerbysholidaycottages.co.uk/wp-content/uploads/2022/11/eco.svg","image/svg+xml","200","OK","Indexable","","0","0.015","",""
"https://www.sowerbysholidaycottages.co.uk/norfolk-holiday-cottages/flagstaff-boathouse/","text/html; charset=UTF-8","200","OK","Indexable","","46","1.001","",""
"https://www.sowerbysholidaycottages.co.uk/norfolk-holiday-cottages/1-crarves/","text/html; charset=UTF-8","200","OK","Indexable","","33","1.154","",""
"https://www.sowerbysholidaycottages.co.uk/wp-content/uploads/2022/11/dog-not-alowed.svg","image/svg+xml","200","OK","Indexable","","0","0.017","",""
"https://www.sowerbysholidaycottages.co.uk/map-search/?start_date=&duration=&sleeps=&dogs=&village=&bedrooms=&bathrooms=&property=&special_offer=yes","text/html; charset=UTF-8","200","OK","Non-Indexable","noindex","8","0.895","",""
"https://www.sowerbysholidaycottages.co.uk/norfolk-holiday-cottages/the-paddock/","text/html; charset=UTF-8","200","OK","Indexable","","46","1.345","",""
"https://www.sowerbysholidaycottages.co.uk/norfolk-holiday-cottages/beehive-cottage/","text/html; charset=UTF-8","200","OK","Indexable","","33","1.292","",""
"https://www.sowerbysholidaycottages.co.uk/norfolk-holiday-cottages/eider-cottage/","text/html; charset=UTF-8","200","OK","Indexable","","42","1.764","",""
"https://www.sowerbysholidaycottages.co.uk/norfolk-holiday-cottages/mandalay/","text/html; charset=UTF-8","200","OK","Indexable","","33","1.370","",""
"https://www.sowerbysholidaycottages.co.uk/norfolk-holiday-cottages/eton-house/","text/html; charset=UTF-8","200","OK","Indexable","","33","1.233","",""
"https://www.sowerbysholidaycottages.co.uk/norfolk-holiday-cottages/michaelmas/","text/html; charset=UTF-8","200","OK","Indexable","","39","1.537","",""
"https://www.sowerbysholidaycottages.co.uk/norfolk-holiday-cottages/flagstaff-east/","text/html; charset=UTF-8","200","OK","Indexable","","43","1.023","",""
"https://www.sowerbysholidaycottages.co.uk/norfolk-holiday-cottages/mill-view/","text/html; charset=UTF-8","200","OK","Indexable","","33","1.155","",""
"https://www.sowerbysholidaycottages.co.uk/norfolk-holiday-cottages/3-marshland-barns-2-bedrooms/","text/html; charset=UTF-8","200","OK","Indexable","","46","0.850","",""
"https://www.sowerbysholidaycottages.co.uk/norfolk-holiday-cottages/2-railway-cottages/","text/html; charset=UTF-8","200","OK","Indexable","","33","2.045","",""
"https://www.sowerbysholidaycottages.co.uk/norfolk-holiday-cottages/channel-cottage/","text/html; charset=UTF-8","200","OK","Indexable","","36","1.001","",""
"https://www.sowerbysholidaycottages.co.uk/wp-content/uploads/2022/11/luxery.svg","image/svg+xml","200","OK","Indexable","","0","0.022","",""
"https://www.sowerbysholidaycottages.co.uk/wp-content/uploads/2022/11/home-office.svg","image/svg+xml","200","OK","Indexable","","0","0.024","",""
"https://www.sowerbysholidaycottages.co.uk/norfolk-holiday-cottages/western-cottage/","text/html; charset=UTF-8","200","OK","Indexable","","33","1.266","",""
"https://www.sowerbysholidaycottages.co.uk/norfolk-holiday-cottages/hill-top-docking/","text/html; charset=UTF-8","200","OK","Indexable","","33","1.612","",""
"https://www.sowerbysholidaycottages.co.uk/wp-content/uploads/2022/11/awesome-dog.svg","image/svg+xml","200","OK","Indexable","","0","0.078","",""
"https://www.sowerbysholidaycottages.co.uk/norfolk-holiday-cottages/eider-cottage-2-bedrooms/","text/html; charset=UTF-8","200","OK","Indexable","","39","1.299","",""
"https://www.sowerbysholidaycottages.co.uk/norfolk-holiday-cottages/the-loft/","text/html; charset=UTF-8","200","OK","Indexable","","46","1.289","",""
"https://www.sowerbysholidaycottages.co.uk/wp-content/uploads/2022/11/wood-burner.svg","image/svg+xml","200","OK","Indexable","","0","0.024","",""
"https://www.sowerbysholidaycottages.co.uk/norfolk-holiday-cottages/4-hare-cottage/","text/html; charset=UTF-8","200","OK","Indexable","","26","1.098","",""
"https://www.sowerbysholidaycottages.co.uk/wp-content/uploads/2022/11/heart-dark.svg","image/svg+xml","200","OK","Indexable","","0","0.105","",""
"https://www.sowerbysholidaycottages.co.uk/norfolk-holiday-cottages/bridge-farm-barn/","text/html; charset=UTF-8","200","OK","Indexable","","33","1.066","",""
"https://www.sowerbysholidaycottages.co.uk/norfolk-holiday-cottages/channel-view/","text/html; charset=UTF-8","200","OK","Indexable","","39","1.900","",""
"https://www.sowerbysholidaycottages.co.uk/norfolk-holiday-cottages/the-dairy-barn-3-bedrooms/","text/html; charset=UTF-8","200","OK","Indexable","","46","0.817","",""
"https://www.sowerbysholidaycottages.co.uk/norfolk-holiday-cottages/flagstaff-west/","text/html; charset=UTF-8","200","OK","Indexable","","43","0.922","",""
"https://www.sowerbysholidaycottages.co.uk/norfolk-holiday-cottages/flagstaff-garden-house/","text/html; charset=UTF-8","200","OK","Indexable","","46","0.879","",""
"https://www.sowerbysholidaycottages.co.uk/norfolk-holiday-cottages/eton-house-2-bedrooms/","text/html; charset=UTF-8","200","OK","Indexable","","36","1.178","",""
"https://www.sowerbysholidaycottages.co.uk/popular-norfolk-holiday-villages/harpley/","text/html; charset=UTF-8","200","OK","Indexable","","7","0.442","",""
"https://www.sowerbysholidaycottages.co.uk/norfolk-holiday-cottages/avocet-cottage/","text/html; charset=UTF-8","200","OK","Indexable","","33","0.837","",""
"https://www.sowerbysholidaycottages.co.uk/popular-norfolk-holiday-villages/egmere/","text/html; charset=UTF-8","200","OK","Indexable","","7","0.855","",""
"https://www.sowerbysholidaycottages.co.uk/popular-norfolk-holiday-villages/north-creake/","text/html; charset=UTF-8","200","OK","Indexable","","10","0.884","",""
"https://www.sowerbysholidaycottages.co.uk/popular-norfolk-holiday-villages/sedgeford/","text/html; charset=UTF-8","200","OK","Indexable","","7","0.712","",""
"https://www.sowerbysholidaycottages.co.uk/popular-norfolk-holiday-villages/wighton/","text/html; charset=UTF-8","200","OK","Indexable","","7","0.777","",""
"https://www.sowerbysholidaycottages.co.uk/popular-norfolk-holiday-villages/burnham-market/","text/html; charset=UTF-8","200","OK","Indexable","","57","1.358","",""
"https://www.sowerbysholidaycottages.co.uk/popular-norfolk-holiday-villages/walsingham/","text/html; charset=UTF-8","200","OK","Indexable","","7","0.972","",""
"https://www.sowerbysholidaycottages.co.uk/popular-norfolk-holiday-villages/burnham-overy-town/","text/html; charset=UTF-8","200","OK","Indexable","","8","0.944","",""
"https://www.sowerbysholidaycottages.co.uk/popular-norfolk-holiday-villages/burnham-overy-staithe/","text/html; charset=UTF-8","200","OK","Indexable","","28","0.975","",""
"https://www.sowerbysholidaycottages.co.uk/popular-norfolk-holiday-villages/heacham/","text/html; charset=UTF-8","200","OK","Indexable","","17","0.798","",""
"https://www.sowerbysholidaycottages.co.uk/popular-norfolk-holiday-villages/ringstead/","text/html; charset=UTF-8","200","OK","Indexable","","9","0.562","",""
"https://www.sowerbysholidaycottages.co.uk/popular-norfolk-holiday-villages/great-snoring/","text/html; charset=UTF-8","200","OK","Indexable","","8","0.650","",""
"https://www.sowerbysholidaycottages.co.uk/popular-norfolk-holiday-villages/hunstanton/","text/html; charset=UTF-8","200","OK","Indexable","","8","0.732","",""
"https://www.sowerbysholidaycottages.co.uk/popular-norfolk-holiday-villages/brancaster/","text/html; charset=UTF-8","200","OK","Indexable","","25","0.889","",""
"https://www.sowerbysholidaycottages.co.uk/popular-norfolk-holiday-villages/brancaster-staithe/","text/html; charset=UTF-8","200","OK","Indexable","","22","0.932","",""
"https://www.sowerbysholidaycottages.co.uk/popular-norfolk-holiday-villages/old-hunstanton/","text/html; charset=UTF-8","200","OK","Indexable","","19","0.898","",""
"https://www.sowerbysholidaycottages.co.uk/popular-norfolk-holiday-villages/thornham/","text/html; charset=UTF-8","200","OK","Indexable","","19","0.647","",""
"https://www.sowerbysholidaycottages.co.uk/popular-norfolk-holiday-villages/burnham-deepdale/","text/html; charset=UTF-8","200","OK","Indexable","","10","0.661","",""
"https://www.sowerbysholidaycottages.co.uk/popular-norfolk-holiday-villages/blakeney/","text/html; charset=UTF-8","200","OK","Indexable","","7","0.943","",""
"https://www.sowerbysholidaycottages.co.uk/popular-norfolk-holiday-villages/wells-next-the-sea/","text/html; charset=UTF-8","200","OK","Indexable","","40","1.120","",""
"https://www.sowerbysholidaycottages.co.uk/popular-norfolk-holiday-villages/warham/","text/html; charset=UTF-8","200","OK","Indexable","","8","0.870","",""
"https://www.sowerbysholidaycottages.co.uk/popular-norfolk-holiday-villages/titchwell/","text/html; charset=UTF-8","200","OK","Indexable","","11","0.812","",""
"https://www.sowerbysholidaycottages.co.uk/popular-norfolk-holiday-villages/burnham-norton/","text/html; charset=UTF-8","200","OK","Indexable","","9","0.916","",""
"https://www.sowerbysholidaycottages.co.uk/popular-norfolk-holiday-villages/houghton-estate/","text/html; charset=UTF-8","200","OK","Indexable","","8","0.649","",""
"https://www.sowerbysholidaycottages.co.uk/popular-norfolk-holiday-villages/stanhoe/","text/html; charset=UTF-8","200","OK","Indexable","","15","0.920","",""
"https://www.sowerbysholidaycottages.co.uk/popular-norfolk-holiday-villages/holme-next-the-sea/","text/html; charset=UTF-8","200","OK","Indexable","","23","1.045","",""
"https://www.sowerbysholidaycottages.co.uk/popular-norfolk-holiday-villages/docking/","text/html; charset=UTF-8","200","OK","Indexable","","27","1.065","",""
"https://www.sowerbysholidaycottages.co.uk/popular-norfolk-holiday-villages/fring/","text/html; charset=UTF-8","200","OK","Indexable","","7","0.644","",""
"https://www.sowerbysholidaycottages.co.uk/popular-norfolk-holiday-villages/stiffkey/","text/html; charset=UTF-8","200","OK","Indexable","","7","1.073","",""
"https://www.sowerbysholidaycottages.co.uk/popular-norfolk-holiday-villages/binham/","text/html; charset=UTF-8","200","OK","Indexable","","12","0.930","",""
"https://www.sowerbysholidaycottages.co.uk/popular-norfolk-holiday-villages/south-creake/","text/html; charset=UTF-8","200","OK","Indexable","","15","1.070","",""
"https://www.sowerbysholidaycottages.co.uk/norfolk-holiday-cottages/high-barn/","text/html; charset=UTF-8","200","OK","Indexable","","26","1.247","",""
"https://www.sowerbysholidaycottages.co.uk/norfolk-holiday-cottages/sanderling/","text/html; charset=UTF-8","200","OK","Indexable","","29","1.221","",""
"https://www.sowerbysholidaycottages.co.uk/norfolk-holiday-cottages/the-gables/","text/html; charset=UTF-8","200","OK","Indexable","","26","0.814","",""
"https://www.sowerbysholidaycottages.co.uk/norfolk-holiday-cottages/orchard-house-3-bedrooms/","text/html; charset=UTF-8","200","OK","Indexable","","26","0.906","",""
"https://www.sowerbysholidaycottages.co.uk/norfolk-holiday-cottages/heron-cottage/","text/html; charset=UTF-8","200","OK","Indexable","","23","1.305","",""
"https://www.sowerbysholidaycottages.co.uk/wp-content/uploads/2022/11/swimming.svg","image/svg+xml","200","OK","Indexable","","0","0.024","",""
"https://www.sowerbysholidaycottages.co.uk/norfolk-holiday-cottages/washington-beach-house/","text/html; charset=UTF-8","200","OK","Indexable","","39","1.020","",""
"https://www.sowerbysholidaycottages.co.uk/norfolk-holiday-cottages/sea-lavender-house/","text/html; charset=UTF-8","200","OK","Indexable","","16","0.841","",""
"https://www.sowerbysholidaycottages.co.uk/norfolk-holiday-cottages/old-mill-cottage/","text/html; charset=UTF-8","200","OK","Indexable","","26","1.733","",""
"https://www.sowerbysholidaycottages.co.uk/norfolk-holiday-cottages/marshview-cottage/","text/html; charset=UTF-8","200","OK","Indexable","","32","1.039","",""
"https://www.sowerbysholidaycottages.co.uk/norfolk-holiday-cottages/cherry-house/","text/html; charset=UTF-8","200","OK","Indexable","","16","1.208","",""
"https://www.sowerbysholidaycottages.co.uk/norfolk-holiday-cottages/washington-beach-house-with-lodge/","text/html; charset=UTF-8","200","OK","Indexable","","46","1.039","",""
"https://www.sowerbysholidaycottages.co.uk/norfolk-holiday-cottages/the-meadows/","text/html; charset=UTF-8","200","OK","Indexable","","26","1.807","",""
"https://www.sowerbysholidaycottages.co.uk/norfolk-holiday-cottages/hillcrest-barn/","text/html; charset=UTF-8","200","OK","Indexable","","26","0.983","",""
"https://www.sowerbysholidaycottages.co.uk/norfolk-holiday-cottages/the-cartshed-6-marshland-barns/","text/html; charset=UTF-8","200","OK","Indexable","","36","1.947","",""
"https://www.sowerbysholidaycottages.co.uk/norfolk-holiday-cottages/old-mill-and-cottage/","text/html; charset=UTF-8","200","OK","Indexable","","33","1.003","",""
"https://www.sowerbysholidaycottages.co.uk/norfolk-holiday-cottages/burnham-loft/","text/html; charset=UTF-8","200","OK","Indexable","","19","0.718","",""
"https://www.sowerbysholidaycottages.co.uk/norfolk-holiday-cottages/violets-cottage/","text/html; charset=UTF-8","200","OK","Indexable","","19","1.659","",""
"https://www.sowerbysholidaycottages.co.uk/norfolk-holiday-cottages/easterly/","text/html; charset=UTF-8","200","OK","Indexable","","26","1.091","",""
"https://www.sowerbysholidaycottages.co.uk/norfolk-holiday-cottages/fayette/","text/html; charset=UTF-8","200","OK","Indexable","","29","1.220","",""
"https://www.sowerbysholidaycottages.co.uk/norfolk-holiday-cottages/1-manor-farm-barns/","text/html; charset=UTF-8","200","OK","Indexable","","16","1.096","",""
"https://www.sowerbysholidaycottages.co.uk/norfolk-holiday-cottages/school-pastures-2-bedrooms/","text/html; charset=UTF-8","200","OK","Indexable","","29","1.233","",""
"https://www.sowerbysholidaycottages.co.uk/norfolk-holiday-cottages/lark-house/","text/html; charset=UTF-8","200","OK","Indexable","","16","1.387","",""
"https://www.sowerbysholidaycottages.co.uk/norfolk-holiday-cottages/washmeres-2-bedrooms/","text/html; charset=UTF-8","200","OK","Indexable","","26","1.026","",""
"https://www.sowerbysholidaycottages.co.uk/norfolk-holiday-cottages/mallards/","text/html; charset=UTF-8","200","OK","Indexable","","29","1.041","",""
"https://www.sowerbysholidaycottages.co.uk/norfolk-holiday-cottages/1-manor-farm-barns-3-bedrooms/","text/html; charset=UTF-8","200","OK","Indexable","","19","0.937","",""
"https://www.sowerbysholidaycottages.co.uk/norfolk-holiday-cottages/tarnside/","text/html; charset=UTF-8","200","OK","Indexable","","32","1.554","",""
"https://www.sowerbysholidaycottages.co.uk/norfolk-holiday-cottages/aspall-escape/","text/html; charset=UTF-8","200","OK","Indexable","","29","0.857","",""
"https://www.sowerbysholidaycottages.co.uk/norfolk-holiday-cottages/hope-cottage/","text/html; charset=UTF-8","200","OK","Indexable","","39","1.090","",""
"https://www.sowerbysholidaycottages.co.uk/norfolk-holiday-cottages/old-mill/","text/html; charset=UTF-8","200","OK","Indexable","","26","1.096","",""
"https://www.sowerbysholidaycottages.co.uk/norfolk-holiday-cottages/scotts-cottage-4-bedrooms/","text/html; charset=UTF-8","200","OK","Indexable","","36","0.879","",""
"https://www.sowerbysholidaycottages.co.uk/norfolk-holiday-cottages/amber-cottage/","text/html; charset=UTF-8","200","OK","Indexable","","26","0.884","",""
"https://www.sowerbysholidaycottages.co.uk/norfolk-holiday-cottages/mallards-2-bedrooms/","text/html; charset=UTF-8","200","OK","Indexable","","29","1.438","",""
"https://www.sowerbysholidaycottages.co.uk/norfolk-holiday-cottages/cockleshed-house/","text/html; charset=UTF-8","200","OK","Indexable","","26","1.019","",""
"https://www.sowerbysholidaycottages.co.uk/norfolk-holiday-cottages/salt-marsh/","text/html; charset=UTF-8","200","OK","Indexable","","36","1.228","",""
"https://www.sowerbysholidaycottages.co.uk/norfolk-holiday-cottages/louisa-barn/","text/html; charset=UTF-8","200","OK","Indexable","","26","0.919","",""
"https://www.sowerbysholidaycottages.co.uk/norfolk-holiday-cottages/olives-cottage/","text/html; charset=UTF-8","200","OK","Indexable","","26","1.408","",""
"https://www.sowerbysholidaycottages.co.uk/norfolk-holiday-cottages/the-cartshed-6-marshland-barns-2-bedrooms/","text/html; charset=UTF-8","200","OK","Indexable","","36","0.978","",""
"https://www.sowerbysholidaycottages.co.uk/norfolk-holiday-cottages/basils-barn/","text/html; charset=UTF-8","200","OK","Indexable","","29","1.053","",""
"https://www.sowerbysholidaycottages.co.uk/norfolk-holiday-cottages/school-pastures-6-bedrooms/","text/html; charset=UTF-8","200","OK","Indexable","","36","1.581","",""
"https://www.sowerbysholidaycottages.co.uk/norfolk-holiday-cottages/bell-view-cottage/","text/html; charset=UTF-8","200","OK","Indexable","","22","1.643","",""
"https://www.sowerbysholidaycottages.co.uk/norfolk-holiday-cottages/greystones/","text/html; charset=UTF-8","200","OK","Indexable","","43","1.714","",""
"https://www.sowerbysholidaycottages.co.uk/norfolk-holiday-cottages/1-manor-farm-barns-2-bedrooms/","text/html; charset=UTF-8","200","OK","Indexable","","16","1.192","",""
"https://www.sowerbysholidaycottages.co.uk/norfolk-holiday-cottages/orchard-house-5-bedrooms/","text/html; charset=UTF-8","200","OK","Indexable","","33","1.404","",""
"https://www.sowerbysholidaycottages.co.uk/wp-content/uploads/2025/02/sauna-shc.png","image/png","200","OK","Indexable","","0","0.020","",""
"https://www.sowerbysholidaycottages.co.uk/norfolk-holiday-cottages/the-old-smithy/","text/html; charset=UTF-8","200","OK","Indexable","","29","1.221","",""
"https://www.sowerbysholidaycottages.co.uk/norfolk-holiday-cottages/the-lamp-house/","text/html; charset=UTF-8","200","OK","Indexable","","29","1.535","",""
"https://www.sowerbysholidaycottages.co.uk/norfolk-holiday-cottages/beacon-hill-barn/","text/html; charset=UTF-8","200","OK","Indexable","","43","1.015","",""
"https://www.sowerbysholidaycottages.co.uk/norfolk-holiday-cottages/seaborne-penthouse/","text/html; charset=UTF-8","200","OK","Indexable","","29","1.373","",""
"https://www.sowerbysholidaycottages.co.uk/norfolk-holiday-cottages/oystercatchers/","text/html; charset=UTF-8","200","OK","Indexable","","19","1.293","",""
"https://www.sowerbysholidaycottages.co.uk/norfolk-holiday-cottages/the-saltings/","text/html; charset=UTF-8","200","OK","Indexable","","43","1.486","",""
"https://www.sowerbysholidaycottages.co.uk/norfolk-holiday-cottages/sail-away/","text/html; charset=UTF-8","200","OK","Indexable","","39","1.465","",""
"https://www.sowerbysholidaycottages.co.uk/norfolk-holiday-cottages/peewits-penthouse/","text/html; charset=UTF-8","200","OK","Indexable","","29","1.681","",""
"https://www.sowerbysholidaycottages.co.uk/norfolk-holiday-cottages/heronsway/","text/html; charset=UTF-8","200","OK","Indexable","","32","1.186","",""
"https://www.sowerbysholidaycottages.co.uk/norfolk-holiday-cottages/slumber-barn-3-bedrooms/","text/html; charset=UTF-8","200","OK","Indexable","","29","1.197","",""
"https://www.sowerbysholidaycottages.co.uk/norfolk-holiday-cottages/blackbird-barn/","text/html; charset=UTF-8","200","OK","Indexable","","36","1.277","",""
"https://www.sowerbysholidaycottages.co.uk/norfolk-holiday-cottages/driftwood/","text/html; charset=UTF-8","200","OK","Indexable","","29","1.464","",""
"https://www.sowerbysholidaycottages.co.uk/norfolk-holiday-cottages/scotts-cottage-6-bedrooms/","text/html; charset=UTF-8","200","OK","Indexable","","43","1.709","",""
"https://www.sowerbysholidaycottages.co.uk/norfolk-holiday-cottages/cobblestone-cottage/","text/html; charset=UTF-8","200","OK","Indexable","","26","1.634","",""
"https://www.sowerbysholidaycottages.co.uk/norfolk-holiday-cottages/allerdale-house/","text/html; charset=UTF-8","200","OK","Indexable","","19","1.501","",""
"https://www.sowerbysholidaycottages.co.uk/norfolk-holiday-cottages/school-pastures-4-bedrooms/","text/html; charset=UTF-8","200","OK","Indexable","","29","1.551","",""
"https://www.sowerbysholidaycottages.co.uk/norfolk-holiday-cottages/spring-cottage/","text/html; charset=UTF-8","200","OK","Indexable","","19","1.893","",""
"https://www.sowerbysholidaycottages.co.uk/norfolk-holiday-cottages/stearmans-cottage/","text/html; charset=UTF-8","200","OK","Indexable","","23","1.110","",""
"https://www.sowerbysholidaycottages.co.uk/norfolk-holiday-cottages/tides/","text/html; charset=UTF-8","200","OK","Indexable","","39","2.399","",""
"https://www.sowerbysholidaycottages.co.uk/norfolk-holiday-cottages/chase-cottage-2-bedrooms/","text/html; charset=UTF-8","200","OK","Indexable","","33","1.208","",""
"https://www.sowerbysholidaycottages.co.uk/norfolk-holiday-cottages/market-lane-house-3-bedrooms/","text/html; charset=UTF-8","200","OK","Indexable","","30","1.932","",""
"https://www.sowerbysholidaycottages.co.uk/norfolk-holiday-cottages/chapel-cottages-godwit/","text/html; charset=UTF-8","200","OK","Indexable","","33","1.310","",""
"https://www.sowerbysholidaycottages.co.uk/norfolk-holiday-cottages/badgets-2-bedrooms/","text/html; charset=UTF-8","200","OK","Indexable","","30","1.049","",""
"https://www.sowerbysholidaycottages.co.uk/norfolk-holiday-cottages/the-pilchard/","text/html; charset=UTF-8","200","OK","Indexable","","30","1.483","",""
"https://www.sowerbysholidaycottages.co.uk/map-search/?start_date=&duration=&sleeps=&dogs=&property=&bedrooms=&bathrooms=&village=&new=yes","text/html; charset=UTF-8","200","OK","Non-Indexable","noindex","7","1.281","",""
"https://www.sowerbysholidaycottages.co.uk/norfolk-holiday-cottages/6-monteagle/","text/html; charset=UTF-8","200","OK","Indexable","","23","1.901","",""
"https://www.sowerbysholidaycottages.co.uk/norfolk-holiday-cottages/badgets-3-bedrooms/","text/html; charset=UTF-8","200","OK","Indexable","","30","1.783","",""
"https://www.sowerbysholidaycottages.co.uk/norfolk-holiday-cottages/chapel-cottages-bittern/","text/html; charset=UTF-8","200","OK","Indexable","","23","1.719","",""
"https://www.sowerbysholidaycottages.co.uk/norfolk-holiday-cottages/boathouse-bliss/","text/html; charset=UTF-8","200","OK","Indexable","","40","1.210","",""
"https://www.sowerbysholidaycottages.co.uk/norfolk-holiday-cottages/chapel-cottages-avocet/","text/html; charset=UTF-8","200","OK","Indexable","","33","1.089","",""
"https://www.sowerbysholidaycottages.co.uk/norfolk-holiday-cottages/harts-house/","text/html; charset=UTF-8","200","OK","Indexable","","40","1.403","",""
"https://www.sowerbysholidaycottages.co.uk/norfolk-holiday-cottages/sea-wood/","text/html; charset=UTF-8","200","OK","Indexable","","40","1.386","",""
"https://www.sowerbysholidaycottages.co.uk/norfolk-holiday-cottages/chase-cottage/","text/html; charset=UTF-8","200","OK","Indexable","","33","1.625","",""
"https://www.sowerbysholidaycottages.co.uk/norfolk-holiday-cottages/east-fleet/","text/html; charset=UTF-8","200","OK","Indexable","","26","1.284","",""
"https://www.sowerbysholidaycottages.co.uk/norfolk-holiday-cottages/1-knights-cottages/","text/html; charset=UTF-8","200","OK","Indexable","","33","1.786","",""
"https://www.sowerbysholidaycottages.co.uk/norfolk-holiday-cottages/gillies/","text/html; charset=UTF-8","200","OK","Indexable","","40","1.436","",""
"https://www.sowerbysholidaycottages.co.uk/norfolk-holiday-cottages/neptune/","text/html; charset=UTF-8","200","OK","Indexable","","23","1.111","",""
"https://www.sowerbysholidaycottages.co.uk/norfolk-holiday-cottages/island-house/","text/html; charset=UTF-8","200","OK","Indexable","","33","1.538","",""
"https://www.sowerbysholidaycottages.co.uk/norfolk-holiday-cottages/sea-wood-3-bedrooms/","text/html; charset=UTF-8","200","OK","Indexable","","33","1.864","",""
"https://www.sowerbysholidaycottages.co.uk/norfolk-holiday-cottages/harbour-view/","text/html; charset=UTF-8","200","OK","Indexable","","33","1.852","",""
"https://www.sowerbysholidaycottages.co.uk/norfolk-holiday-cottages/longview-cottage/","text/html; charset=UTF-8","200","OK","Indexable","","33","1.292","",""
"https://www.sowerbysholidaycottages.co.uk/norfolk-holiday-cottages/5-pauls-maltings/","text/html; charset=UTF-8","200","OK","Indexable","","26","0.888","",""
"https://www.sowerbysholidaycottages.co.uk/norfolk-holiday-cottages/sunnydene/","text/html; charset=UTF-8","200","OK","Indexable","","33","1.510","",""
"https://www.sowerbysholidaycottages.co.uk/norfolk-holiday-cottages/staithe-barn/","text/html; charset=UTF-8","200","OK","Indexable","","23","1.628","",""
"https://www.sowerbysholidaycottages.co.uk/norfolk-holiday-cottages/the-cottage-overy-staithe/","text/html; charset=UTF-8","200","OK","Indexable","","33","1.191","",""
"https://www.sowerbysholidaycottages.co.uk/norfolk-holiday-cottages/ongar-lodge/","text/html; charset=UTF-8","200","OK","Indexable","","33","1.344","",""
"https://www.sowerbysholidaycottages.co.uk/norfolk-holiday-cottages/sea-breeze/","text/html; charset=UTF-8","200","OK","Indexable","","23","1.028","",""
"https://www.sowerbysholidaycottages.co.uk/norfolk-holiday-cottages/pear-tree-cottage/","text/html; charset=UTF-8","200","OK","Indexable","","36","2.102","",""
"https://www.sowerbysholidaycottages.co.uk/norfolk-holiday-cottages/cobblestones/","text/html; charset=UTF-8","200","OK","Indexable","","33","2.571","",""
"https://www.sowerbysholidaycottages.co.uk/norfolk-holiday-cottages/falgate/","text/html; charset=UTF-8","200","OK","Indexable","","30","2.191","",""
"https://www.sowerbysholidaycottages.co.uk/norfolk-holiday-cottages/2-pauls-maltings/","text/html; charset=UTF-8","200","OK","Indexable","","26","1.528","",""
"https://www.sowerbysholidaycottages.co.uk/norfolk-holiday-cottages/foam-crest/","text/html; charset=UTF-8","200","OK","Indexable","","40","1.210","",""
"https://www.sowerbysholidaycottages.co.uk/norfolk-holiday-cottages/beachcomber/","text/html; charset=UTF-8","200","OK","Indexable","","33","2.114","",""
"https://www.sowerbysholidaycottages.co.uk/norfolk-holiday-cottages/green-tiles/","text/html; charset=UTF-8","200","OK","Indexable","","33","1.531","",""
"https://www.sowerbysholidaycottages.co.uk/norfolk-holiday-cottages/4-pauls-maltings/","text/html; charset=UTF-8","200","OK","Indexable","","26","1.361","",""
"https://www.sowerbysholidaycottages.co.uk/norfolk-holiday-cottages/6-the-granary/","text/html; charset=UTF-8","200","OK","Indexable","","26","1.726","",""
"https://www.sowerbysholidaycottages.co.uk/norfolk-holiday-cottages/mow-creek-cottage/","text/html; charset=UTF-8","200","OK","Indexable","","33","2.149","",""
"https://www.sowerbysholidaycottages.co.uk/norfolk-holiday-cottages/cockle-beach/","text/html; charset=UTF-8","200","OK","Indexable","","36","1.390","",""
"https://www.sowerbysholidaycottages.co.uk/norfolk-holiday-cottages/2-knights-cottages/","text/html; charset=UTF-8","200","OK","Indexable","","33","1.208","",""
"https://www.sowerbysholidaycottages.co.uk/norfolk-holiday-cottages/2-dormy-house/","text/html; charset=UTF-8","200","OK","Indexable","","26","1.105","",""
"https://www.sowerbysholidaycottages.co.uk/norfolk-holiday-cottages/quayside/","text/html; charset=UTF-8","200","OK","Indexable","","36","1.402","",""
"https://www.sowerbysholidaycottages.co.uk/norfolk-holiday-cottages/washington-lodge/","text/html; charset=UTF-8","200","OK","Indexable","","33","1.358","",""
"https://www.sowerbysholidaycottages.co.uk/norfolk-holiday-cottages/harrier-cottage/","text/html; charset=UTF-8","200","OK","Indexable","","33","1.451","",""
"https://www.sowerbysholidaycottages.co.uk/norfolk-holiday-cottages/sea-view/","text/html; charset=UTF-8","200","OK","Indexable","","33","2.297","",""
"https://www.sowerbysholidaycottages.co.uk/norfolk-holiday-cottages/scotts-lodge/","text/html; charset=UTF-8","200","OK","Indexable","","33","1.597","",""
"https://www.sowerbysholidaycottages.co.uk/norfolk-holiday-cottages/sandbanks/","text/html; charset=UTF-8","200","OK","Indexable","","33","1.022","",""
"https://www.sowerbysholidaycottages.co.uk/map-search/?start_date=&duration=&sleeps=&dogs=&property=&action=quicksearch&bedrooms=&bathrooms=&village=&has_sea_view=yes","text/html; charset=UTF-8","200","OK","Non-Indexable","noindex","7","0.846","",""
"https://www.sowerbysholidaycottages.co.uk/norfolk-holiday-cottages/harbour-cottage/","text/html; charset=UTF-8","200","OK","Indexable","","23","1.232","",""
"https://www.sowerbysholidaycottages.co.uk/property-details-print/?propertyID=3401","text/html; charset=UTF-8","200","OK","Non-Indexable","noindex","2","0.834","",""
"https://www.sowerbysholidaycottages.co.uk/norfolk-holiday-cottages/samphire-cottage/","text/html; charset=UTF-8","200","OK","Indexable","","23","1.757","",""
"https://www.sowerbysholidaycottages.co.uk/norfolk-holiday-cottages/lime-cottage/","text/html; charset=UTF-8","200","OK","Indexable","","23","1.641","",""
"https://www.sowerbysholidaycottages.co.uk/norfolk-holiday-cottages/lilac-cottage/","text/html; charset=UTF-8","200","OK","Indexable","","23","1.644","",""
"https://www.sowerbysholidaycottages.co.uk/norfolk-holiday-cottages/dolphin-cottage/","text/html; charset=UTF-8","200","OK","Indexable","","23","0.950","",""
"https://www.sowerbysholidaycottages.co.uk/norfolk-holiday-cottages/beamish/","text/html; charset=UTF-8","200","OK","Indexable","","23","2.270","",""
"https://www.sowerbysholidaycottages.co.uk/norfolk-holiday-cottages/josh-cottage/","text/html; charset=UTF-8","200","OK","Indexable","","23","1.286","",""
"https://www.sowerbysholidaycottages.co.uk/norfolk-holiday-cottages/old-barn/","text/html; charset=UTF-8","200","OK","Indexable","","23","0.917","",""
"https://www.sowerbysholidaycottages.co.uk/norfolk-holiday-cottages/brent-burn/","text/html; charset=UTF-8","200","OK","Indexable","","23","1.536","",""
"https://www.sowerbysholidaycottages.co.uk/norfolk-holiday-cottages/orchard-house-140/","text/html; charset=UTF-8","200","OK","Indexable","","30","1.552","",""
"https://www.sowerbysholidaycottages.co.uk/norfolk-holiday-cottages/lapwing/","text/html; charset=UTF-8","200","OK","Indexable","","23","1.924","",""
"https://www.sowerbysholidaycottages.co.uk/norfolk-holiday-cottages/beck-cottage/","text/html; charset=UTF-8","200","OK","Indexable","","23","1.463","",""
"https://www.sowerbysholidaycottages.co.uk/norfolk-holiday-cottages/garden-cottage/","text/html; charset=UTF-8","200","OK","Indexable","","23","1.335","",""
"https://www.sowerbysholidaycottages.co.uk/norfolk-holiday-cottages/pinkleton/","text/html; charset=UTF-8","200","OK","Indexable","","23","0.922","",""
"https://www.sowerbysholidaycottages.co.uk/norfolk-holiday-cottages/linksway-2-bedrooms/","text/html; charset=UTF-8","200","OK","Indexable","","23","1.666","",""
"https://www.sowerbysholidaycottages.co.uk/norfolk-holiday-cottages/seal-cottage/","text/html; charset=UTF-8","200","OK","Indexable","","23","1.801","",""
"https://www.sowerbysholidaycottages.co.uk/norfolk-holiday-cottages/lantern-cottage/","text/html; charset=UTF-8","200","OK","Indexable","","23","1.175","",""
"https://www.sowerbysholidaycottages.co.uk/norfolk-holiday-cottages/skylark/","text/html; charset=UTF-8","200","OK","Indexable","","23","1.297","",""
"https://www.sowerbysholidaycottages.co.uk/norfolk-holiday-cottages/chadwicks/","text/html; charset=UTF-8","200","OK","Indexable","","30","1.506","",""
"https://www.sowerbysholidaycottages.co.uk/norfolk-holiday-cottages/seawards/","text/html; charset=UTF-8","200","OK","Indexable","","23","1.733","",""
"https://www.sowerbysholidaycottages.co.uk/norfolk-holiday-cottages/lavender-house/","text/html; charset=UTF-8","200","OK","Indexable","","23","1.421","",""
"https://www.sowerbysholidaycottages.co.uk/norfolk-holiday-cottages/rose-cottage/","text/html; charset=UTF-8","200","OK","Indexable","","23","1.452","",""
"https://www.sowerbysholidaycottages.co.uk/norfolk-holiday-cottages/field-cottage-in-brancaster-staithe/","text/html; charset=UTF-8","200","OK","Indexable","","23","1.493","",""
"https://www.sowerbysholidaycottages.co.uk/norfolk-holiday-cottages/garden-house/","text/html; charset=UTF-8","200","OK","Indexable","","23","0.927","",""
"https://www.sowerbysholidaycottages.co.uk/norfolk-holiday-cottages/1-railway-cottages/","text/html; charset=UTF-8","200","OK","Indexable","","23","1.494","",""
"https://www.sowerbysholidaycottages.co.uk/norfolk-holiday-cottages/lavender-cottage/","text/html; charset=UTF-8","200","OK","Indexable","","23","1.412","",""
"https://www.sowerbysholidaycottages.co.uk/norfolk-holiday-cottages/eastwood-house-2-bedrooms/","text/html; charset=UTF-8","200","OK","Indexable","","23","1.226","",""
"https://www.sowerbysholidaycottages.co.uk/norfolk-holiday-cottages/sea-lavender-cottage/","text/html; charset=UTF-8","200","OK","Indexable","","23","1.012","",""
"https://www.sowerbysholidaycottages.co.uk/norfolk-holiday-cottages/market-lane-house/","text/html; charset=UTF-8","200","OK","Indexable","","30","1.686","",""
"https://www.sowerbysholidaycottages.co.uk/norfolk-holiday-cottages/crows-nest-cottage/","text/html; charset=UTF-8","200","OK","Indexable","","23","1.617","",""
"https://www.sowerbysholidaycottages.co.uk/norfolk-holiday-cottages/the-cottage-erpingham-court/","text/html; charset=UTF-8","200","OK","Indexable","","23","2.034","",""
"https://www.sowerbysholidaycottages.co.uk/norfolk-holiday-cottages/curlew-cottage-2-bedrooms/","text/html; charset=UTF-8","200","OK","Indexable","","23","0.808","",""
"https://www.sowerbysholidaycottages.co.uk/norfolk-holiday-cottages/old-hunny-cottage/","text/html; charset=UTF-8","200","OK","Indexable","","23","1.333","",""
"https://www.sowerbysholidaycottages.co.uk/norfolk-holiday-cottages/4-odd-fellows-court/","text/html; charset=UTF-8","200","OK","Indexable","","23","0.896","",""
"https://www.sowerbysholidaycottages.co.uk/norfolk-holiday-cottages/saltmarshes/","text/html; charset=UTF-8","200","OK","Indexable","","23","1.722","",""
"https://www.sowerbysholidaycottages.co.uk/norfolk-holiday-cottages/curlew-cottage/","text/html; charset=UTF-8","200","OK","Indexable","","23","1.219","",""
"https://www.sowerbysholidaycottages.co.uk/norfolk-holiday-cottages/holly-cottage/","text/html; charset=UTF-8","200","OK","Indexable","","23","1.089","",""
"https://www.sowerbysholidaycottages.co.uk/norfolk-holiday-cottages/furnace-cottage/","text/html; charset=UTF-8","200","OK","Indexable","","23","1.277","",""
"https://www.sowerbysholidaycottages.co.uk/norfolk-holiday-cottages/harpers/","text/html; charset=UTF-8","200","OK","Indexable","","23","1.208","",""
"https://www.sowerbysholidaycottages.co.uk/norfolk-holiday-cottages/fleece-house/","text/html; charset=UTF-8","200","OK","Indexable","","23","0.841","",""
"https://www.sowerbysholidaycottages.co.uk/norfolk-holiday-cottages/cherry-tree-cottage/","text/html; charset=UTF-8","200","OK","Indexable","","23","1.807","",""
"https://www.sowerbysholidaycottages.co.uk/norfolk-holiday-cottages/fortune-cottage/","text/html; charset=UTF-8","200","OK","Indexable","","23","1.189","",""
"https://www.sowerbysholidaycottages.co.uk/norfolk-holiday-cottages/claremont-house/","text/html; charset=UTF-8","200","OK","Indexable","","23","1.307","",""
"https://www.sowerbysholidaycottages.co.uk/norfolk-holiday-cottages/the-new-cottage/","text/html; charset=UTF-8","200","OK","Indexable","","23","1.325","",""
"https://www.sowerbysholidaycottages.co.uk/norfolk-holiday-cottages/turnstone/","text/html; charset=UTF-8","200","OK","Indexable","","23","1.807","",""
"https://www.sowerbysholidaycottages.co.uk/norfolk-holiday-cottages/field-cottage-in-docking/","text/html; charset=UTF-8","200","OK","Indexable","","23","1.899","",""
"https://www.sowerbysholidaycottages.co.uk/norfolk-holiday-cottages/edinburgh-house-with-annex/","text/html; charset=UTF-8","200","OK","Indexable","","30","0.942","",""
"https://www.sowerbysholidaycottages.co.uk/norfolk-holiday-cottages/holly-house/","text/html; charset=UTF-8","200","OK","Indexable","","23","1.299","",""
"https://www.sowerbysholidaycottages.co.uk/norfolk-holiday-cottages/wren-cottage/","text/html; charset=UTF-8","200","OK","Indexable","","23","1.210","",""
"https://www.sowerbysholidaycottages.co.uk/norfolk-holiday-cottages/langham-house/","text/html; charset=UTF-8","200","OK","Indexable","","23","0.792","",""
"https://www.sowerbysholidaycottages.co.uk/norfolk-holiday-cottages/honeysuckle-cottage/","text/html; charset=UTF-8","200","OK","Indexable","","23","1.376","",""
"https://www.sowerbysholidaycottages.co.uk/norfolk-holiday-cottages/the-stables-manor-court/","text/html; charset=UTF-8","200","OK","Indexable","","23","1.070","",""
"https://www.sowerbysholidaycottages.co.uk/norfolk-holiday-cottages/honeystone-mews/","text/html; charset=UTF-8","200","OK","Indexable","","23","1.048","",""
"https://www.sowerbysholidaycottages.co.uk/norfolk-holiday-cottages/the-manse/","text/html; charset=UTF-8","200","OK","Indexable","","23","1.533","",""
"https://www.sowerbysholidaycottages.co.uk/norfolk-holiday-cottages/3-lavender-cottage/","text/html; charset=UTF-8","200","OK","Indexable","","23","1.759","",""
"https://www.sowerbysholidaycottages.co.uk/norfolk-holiday-cottages/ivy-cottage/","text/html; charset=UTF-8","200","OK","Indexable","","23","1.447","",""
"https://www.sowerbysholidaycottages.co.uk/norfolk-holiday-cottages/eastwood-house/","text/html; charset=UTF-8","200","OK","Indexable","","23","1.456","",""
"https://www.sowerbysholidaycottages.co.uk/norfolk-holiday-cottages/little-tern/","text/html; charset=UTF-8","200","OK","Indexable","","23","1.406","",""
"https://www.sowerbysholidaycottages.co.uk/norfolk-holiday-cottages/edinburgh-house/","text/html; charset=UTF-8","200","OK","Indexable","","23","1.370","",""
"https://www.sowerbysholidaycottages.co.uk/norfolk-holiday-cottages/tucwel/","text/html; charset=UTF-8","200","OK","Indexable","","23","1.547","",""
"https://www.sowerbysholidaycottages.co.uk/norfolk-holiday-cottages/norton-cottage/","text/html; charset=UTF-8","200","OK","Indexable","","23","1.230","",""
"https://www.sowerbysholidaycottages.co.uk/norfolk-holiday-cottages/the-hideaway-6a/","text/html; charset=UTF-8","200","OK","Indexable","","23","1.252","",""
"https://www.sowerbysholidaycottages.co.uk/norfolk-holiday-cottages/cornloft-cottage/","text/html; charset=UTF-8","200","OK","Indexable","","23","0.895","",""
"https://www.sowerbysholidaycottages.co.uk/norfolk-holiday-cottages/hilltop-nc/","text/html; charset=UTF-8","200","OK","Indexable","","23","1.297","",""
"https://www.sowerbysholidaycottages.co.uk/norfolk-holiday-cottages/east-cottage/","text/html; charset=UTF-8","200","OK","Indexable","","23","1.306","",""
"https://www.sowerbysholidaycottages.co.uk/norfolk-holiday-cottages/3-links-court/","text/html; charset=UTF-8","200","OK","Indexable","","23","1.152","",""
"https://www.sowerbysholidaycottages.co.uk/norfolk-holiday-cottages/sandton-house/","text/html; charset=UTF-8","200","OK","Indexable","","23","1.268","",""
"https://www.sowerbysholidaycottages.co.uk/norfolk-holiday-cottages/field-house/","text/html; charset=UTF-8","200","OK","Indexable","","23","1.464","",""
"https://www.sowerbysholidaycottages.co.uk/norfolk-holiday-cottages/nelson-lodge/","text/html; charset=UTF-8","200","OK","Indexable","","30","1.093","",""
"https://www.sowerbysholidaycottages.co.uk/norfolk-holiday-cottages/kitts-cottage/","text/html; charset=UTF-8","200","OK","Indexable","","23","1.732","",""
"https://www.sowerbysholidaycottages.co.uk/norfolk-holiday-cottages/butts-corner-2-bedrooms/","text/html; charset=UTF-8","200","OK","Indexable","","23","0.755","",""
"https://www.sowerbysholidaycottages.co.uk/norfolk-holiday-cottages/2-hunts-cottages/","text/html; charset=UTF-8","200","OK","Indexable","","23","1.268","",""
"https://www.sowerbysholidaycottages.co.uk/norfolk-holiday-cottages/3-pond-end-row/","text/html; charset=UTF-8","200","OK","Indexable","","23","1.051","",""
"https://www.sowerbysholidaycottages.co.uk/norfolk-holiday-cottages/butts-corner/","text/html; charset=UTF-8","200","OK","Indexable","","23","1.049","",""
"https://www.sowerbysholidaycottages.co.uk/norfolk-holiday-cottages/hare-cottage/","text/html; charset=UTF-8","200","OK","Indexable","","23","1.293","",""
"https://www.sowerbysholidaycottages.co.uk/norfolk-holiday-cottages/pangurs-piece/","text/html; charset=UTF-8","200","OK","Indexable","","23","1.341","",""
"https://www.sowerbysholidaycottages.co.uk/norfolk-holiday-cottages/linksway/","text/html; charset=UTF-8","200","OK","Indexable","","23","0.754","",""
"https://www.sowerbysholidaycottages.co.uk/map-search/?start_date=&duration=&sleeps=&dogs=&villageorproperty=&bedrooms=&bathrooms=&dogs_by_arrangement=yes&dogs_accepted=yes","text/html; charset=UTF-8","200","OK","Non-Indexable","noindex","7","1.327","",""
"https://www.sowerbysholidaycottages.co.uk/norfolk-holiday-cottages/pickles-cottage/","text/html; charset=UTF-8","200","OK","Indexable","","23","1.173","",""
"https://www.sowerbysholidaycottages.co.uk/property-details-print/?propertyID=3282","text/html; charset=UTF-8","200","OK","Non-Indexable","noindex","2","0.406","",""
"https://www.sowerbysholidaycottages.co.uk/norfolk-holiday-cottages/holly-house-2-bedrooms/","text/html; charset=UTF-8","200","OK","Indexable","","23","1.390","",""
"https://www.sowerbysholidaycottages.co.uk/norfolk-holiday-cottages/la-mouette/","text/html; charset=UTF-8","200","OK","Indexable","","23","1.539","",""
"https://www.sowerbysholidaycottages.co.uk/norfolk-holiday-cottages/badgets/","text/html; charset=UTF-8","200","OK","Indexable","","30","1.245","",""
"https://www.sowerbysholidaycottages.co.uk/norfolk-holiday-cottages/saffron-cottage/","text/html; charset=UTF-8","200","OK","Indexable","","16","1.619","",""
"https://www.sowerbysholidaycottages.co.uk/norfolk-holiday-cottages/garden-folly/","text/html; charset=UTF-8","200","OK","Indexable","","16","1.633","",""
"https://www.sowerbysholidaycottages.co.uk/norfolk-holiday-cottages/5-monteagle/","text/html; charset=UTF-8","200","OK","Indexable","","16","1.368","",""
"https://www.sowerbysholidaycottages.co.uk/norfolk-holiday-cottages/jeeves-retreat/","text/html; charset=UTF-8","200","OK","Indexable","","16","1.400","",""
"https://www.sowerbysholidaycottages.co.uk/norfolk-holiday-cottages/allpoints-cottage/","text/html; charset=UTF-8","200","OK","Indexable","","26","1.662","",""
"https://www.sowerbysholidaycottages.co.uk/norfolk-holiday-cottages/wellington-cottage/","text/html; charset=UTF-8","200","OK","Indexable","","26","1.164","",""
"https://www.sowerbysholidaycottages.co.uk/norfolk-holiday-cottages/honeystone/","text/html; charset=UTF-8","200","OK","Indexable","","16","1.628","",""
"https://www.sowerbysholidaycottages.co.uk/norfolk-holiday-cottages/old-school-house/","text/html; charset=UTF-8","200","OK","Indexable","","26","1.615","",""
"https://www.sowerbysholidaycottages.co.uk/norfolk-holiday-cottages/beech-cottage/","text/html; charset=UTF-8","200","OK","Indexable","","26","1.606","",""
"https://www.sowerbysholidaycottages.co.uk/norfolk-holiday-cottages/windjammer/","text/html; charset=UTF-8","200","OK","Indexable","","26","1.811","",""
"https://www.sowerbysholidaycottages.co.uk/norfolk-holiday-cottages/tern-cottage/","text/html; charset=UTF-8","200","OK","Indexable","","26","1.295","",""
"https://www.sowerbysholidaycottages.co.uk/norfolk-holiday-cottages/oak-cottage/","text/html; charset=UTF-8","200","OK","Indexable","","26","0.896","",""
"https://www.sowerbysholidaycottages.co.uk/norfolk-holiday-cottages/the-foundry/","text/html; charset=UTF-8","200","OK","Indexable","","26","0.891","",""
"https://www.sowerbysholidaycottages.co.uk/norfolk-holiday-cottages/3-smugglers-cove/","text/html; charset=UTF-8","200","OK","Indexable","","16","1.397","",""
"https://www.sowerbysholidaycottages.co.uk/norfolk-holiday-cottages/bliss-cottage/","text/html; charset=UTF-8","200","OK","Indexable","","26","0.885","",""
"https://www.sowerbysholidaycottages.co.uk/norfolk-holiday-cottages/sutton-cottage/","text/html; charset=UTF-8","200","OK","Indexable","","26","0.956","",""
"https://www.sowerbysholidaycottages.co.uk/norfolk-holiday-cottages/samphire-barn/","text/html; charset=UTF-8","200","OK","Indexable","","26","1.724","",""
"https://www.sowerbysholidaycottages.co.uk/norfolk-holiday-cottages/2-school-row/","text/html; charset=UTF-8","200","OK","Indexable","","26","1.244","",""
"https://www.sowerbysholidaycottages.co.uk/norfolk-holiday-cottages/wellfleet-cottage/","text/html; charset=UTF-8","200","OK","Indexable","","26","1.192","",""
"https://www.sowerbysholidaycottages.co.uk/norfolk-holiday-cottages/bluebell-cottage/","text/html; charset=UTF-8","200","OK","Indexable","","16","1.291","",""
"https://www.sowerbysholidaycottages.co.uk/norfolk-holiday-cottages/truncheons-reach/","text/html; charset=UTF-8","200","OK","Indexable","","16","0.925","",""
"https://www.sowerbysholidaycottages.co.uk/norfolk-holiday-cottages/seasalt-cottage/","text/html; charset=UTF-8","200","OK","Indexable","","26","1.359","",""
"https://www.sowerbysholidaycottages.co.uk/norfolk-holiday-cottages/star-cottage/","text/html; charset=UTF-8","200","OK","Indexable","","16","0.827","",""
"https://www.sowerbysholidaycottages.co.uk/norfolk-holiday-cottages/grasshopper-cottage/","text/html; charset=UTF-8","200","OK","Indexable","","26","2.071","",""
"https://www.sowerbysholidaycottages.co.uk/norfolk-holiday-cottages/mill-view-burnham-norton/","text/html; charset=UTF-8","200","OK","Indexable","","26","1.188","",""
"https://www.sowerbysholidaycottages.co.uk/norfolk-holiday-cottages/jeeves-hideaway/","text/html; charset=UTF-8","200","OK","Indexable","","16","1.080","",""
"https://www.sowerbysholidaycottages.co.uk/norfolk-holiday-cottages/bailey-wick-cottage/","text/html; charset=UTF-8","200","OK","Indexable","","26","1.374","",""
"https://www.sowerbysholidaycottages.co.uk/wp-content/uploads/2022/11/view-1.jpg","image/jpeg","200","OK","Indexable","","0","0.048","",""
"https://www.sowerbysholidaycottages.co.uk/norfolk-holiday-cottages/ellas-cottage/","text/html; charset=UTF-8","200","OK","Indexable","","26","1.661","",""
"https://www.sowerbysholidaycottages.co.uk/wp-content/uploads/2022/11/wells-reiszed-1.jpg","image/jpeg","200","OK","Indexable","","0","0.021","",""
"https://www.sowerbysholidaycottages.co.uk/wp-content/uploads/2022/11/thornham-resized.jpg","image/jpeg","200","OK","Indexable","","0","0.137","",""
"https://www.sowerbysholidaycottages.co.uk/wishlist/","text/html; charset=UTF-8","200","OK","Indexable","","5","0.436","",""
"https://www.sowerbysholidaycottages.co.uk/norfolk-holiday-cottages/fox-cottage/","text/html; charset=UTF-8","200","OK","Indexable","","26","1.007","",""
"https://www.sowerbysholidaycottages.co.uk/wp-content/uploads/2022/11/burnham-overy-staith-resized-1.jpg","image/jpeg","200","OK","Indexable","","0","0.038","",""
"https://www.sowerbysholidaycottages.co.uk/wp-content/uploads/2022/11/sandringham-resized-1.jpg","image/jpeg","200","OK","Indexable","","0","0.057","",""
"https://www.sowerbysholidaycottages.co.uk/wp-content/uploads/2022/11/binham-resized-1.jpg","image/jpeg","200","OK","Indexable","","0","0.240","",""
"https://www.sowerbysholidaycottages.co.uk/norfolk-holiday-cottages/sunset-view/","text/html; charset=UTF-8","200","OK","Indexable","","26","0.871","",""
"https://www.sowerbysholidaycottages.co.uk/wp-content/uploads/2022/11/burnham-market-resized-1.jpg","image/jpeg","200","OK","Indexable","","0","0.162","",""
"https://www.sowerbysholidaycottages.co.uk/wp-content/uploads/2022/11/Holme-Next-The-Sea-resized-2.jpg","image/jpeg","200","OK","Indexable","","0","0.139","",""
"https://www.sowerbysholidaycottages.co.uk/wp-content/uploads/2022/11/titchwell-resized-2.jpg","image/jpeg","200","OK","Indexable","","0","0.069","",""
"https://www.sowerbysholidaycottages.co.uk/popular-norfolk-holiday-areas/old-hunstanton-area/","text/html; charset=UTF-8","200","OK","Indexable","","6","0.533","",""
"https://www.sowerbysholidaycottages.co.uk/wp-content/uploads/2022/11/holkham-resized-1.jpg","image/jpeg","200","OK","Indexable","","0","0.149","",""
"https://www.sowerbysholidaycottages.co.uk/wp-content/uploads/2022/11/hunstanton-cliffs-resized.jpg","image/jpeg","200","OK","Indexable","","0","0.126","",""
"https://www.sowerbysholidaycottages.co.uk/popular-norfolk-holiday-areas/brancaster-area/","text/html; charset=UTF-8","200","OK","Indexable","","6","0.481","",""
"https://www.sowerbysholidaycottages.co.uk/popular-norfolk-holiday-areas/the-burnhams-area/","text/html; charset=UTF-8","200","OK","Indexable","","6","0.789","",""
"https://www.sowerbysholidaycottages.co.uk/popular-norfolk-holiday-areas/wells-next-the-sea-area/","text/html; charset=UTF-8","200","OK","Indexable","","6","0.650","",""
"https://www.sowerbysholidaycottages.co.uk/norfolk-holiday-cottages/boatmans-cottage/","text/html; charset=UTF-8","200","OK","Indexable","","29","1.313","",""
"https://www.sowerbysholidaycottages.co.uk/norfolk-holiday-cottages/pebble-cottage/","text/html; charset=UTF-8","200","OK","Indexable","","26","1.084","",""
"https://www.sowerbysholidaycottages.co.uk/norfolk-holiday-cottages/orchard-house-docking/","text/html; charset=UTF-8","200","OK","Indexable","","26","1.767","",""
"https://www.sowerbysholidaycottages.co.uk/norfolk-holiday-cottages/little-twitchers/","text/html; charset=UTF-8","200","OK","Indexable","","26","1.634","",""
"https://www.sowerbysholidaycottages.co.uk/norfolk-holiday-cottages/virginia-cottage/","text/html; charset=UTF-8","200","OK","Indexable","","26","1.587","",""
"https://www.sowerbysholidaycottages.co.uk/norfolk-holiday-cottages/duckling-cottage/","text/html; charset=UTF-8","200","OK","Indexable","","26","0.979","",""
"https://www.sowerbysholidaycottages.co.uk/norfolk-holiday-cottages/bonnierigg/","text/html; charset=UTF-8","200","OK","Indexable","","26","1.384","",""
"https://www.sowerbysholidaycottages.co.uk/norfolk-holiday-cottages/windswept-cottage/","text/html; charset=UTF-8","200","OK","Indexable","","26","1.161","",""
"https://www.sowerbysholidaycottages.co.uk/norfolk-holiday-cottages/cherryhill/","text/html; charset=UTF-8","200","OK","Indexable","","26","0.668","",""
"https://www.sowerbysholidaycottages.co.uk/norfolk-holiday-cottages/2-waterhall-cottages/","text/html; charset=UTF-8","200","OK","Indexable","","26","1.255","",""
"https://www.sowerbysholidaycottages.co.uk/property-details-print/?propertyID=5140","text/html; charset=UTF-8","200","OK","Non-Indexable","noindex","2","0.305","",""
"https://www.sowerbysholidaycottages.co.uk/norfolk-holiday-cottages/field-cottage-in-fring/","text/html; charset=UTF-8","200","OK","Indexable","","26","0.820","",""
"https://www.sowerbysholidaycottages.co.uk/norfolk-holiday-cottages/hares-end/","text/html; charset=UTF-8","200","OK","Indexable","","26","0.955","",""
