"URL","Title","Character Length","Pixel Length","Description","Character Length","Pixel Length"
"https://www.sowerbysholidaycottages.co.uk/","Self catering holiday cottages in North Norfolk - Sowerbys Holiday Cottages","75","669","Established local agency offering the finest holiday cottages in Norfolk. View our wide range of rental property. Book online at Sowerbys Holiday Cottages","154","946"
"https://www.sowerbysholidaycottages.co.uk/inspiration/","Norfolk holiday inspiration - Sowerbys Holiday Cottages","55","491","Get inspired for all the great things you could do while on holiday on the North Norfolk coast with Sowerbys Holiday Cottages","125","769"
"https://www.sowerbysholidaycottages.co.uk/inspiration/norfolk-holiday-cottage-special-offers/","Norfolk Holiday Cottages special offers | Sowerbys Holiday Cottages","67","606","Special offers on Norfolk Holiday Cottages. Click here for our best offers.","75","447"
"https://www.sowerbysholidaycottages.co.uk/norfolk-holiday-locations/alphabetical-list-of-villages/","Alphabetical List of Villages - Sowerbys Holiday Cottages","57","507","","0","0"
"https://www.sowerbysholidaycottages.co.uk/popular-norfolk-holiday-features/luxury-collection/","Norfolk Luxury Collection holiday cottages - Sowerbys Holiday Cottages","70","633","Luxury Collection holiday cottages in Norfolk from Sowerbys Holiday Cottages. A local independent agency from people who live in Norfolk.","137","856"
"https://www.sowerbysholidaycottages.co.uk/holiday-cottage-owner-information/owner-testimonials/","Owner testimonials - Sowerbys Holiday Cottages","46","433","","0","0"
"https://www.sowerbysholidaycottages.co.uk/about-sowerbys-holiday-cottages/faqs/","FAQs - Sowerbys Holiday Cottages","32","307","","0","0"
"https://www.sowerbysholidaycottages.co.uk/norfolk-holiday-cottage-search/?start_date=&duration=&sleeps=&dogs=&village=&bedrooms=&bathrooms=&property=&special_offer=yes","Search Sowerby’s database of Norfolk Holiday Cottages","53","495","Search our Properties. Sowerbys Holiday Cottages offering the finest holiday cottages in Norfolk.","97","598"
"https://www.sowerbysholidaycottages.co.uk/norfolk-holiday-cottage-search/?start_date=&duration=&sleeps=&dogs=&property=&bedrooms=&bathrooms=&village=&new=yes","Search Sowerby’s database of Norfolk Holiday Cottages","53","495","Search our Properties. Sowerbys Holiday Cottages offering the finest holiday cottages in Norfolk.","97","598"
"https://www.sowerbysholidaycottages.co.uk/popular-norfolk-holiday-features/sea-views/","Norfolk Sea views holiday cottages - Sowerbys Holiday Cottages","62","570","Sea views holiday cottages in Norfolk from Sowerbys Holiday Cottages. A local independent agency from people who live in Norfolk.","129","810"
"https://www.sowerbysholidaycottages.co.uk/norfolk-holiday-cottage-search/?start_date=&duration=&sleeps=&dogs=&property=&action=quicksearch&bedrooms=&bathrooms=&village=&has_sea_view=yes","Search Sowerby’s database of Norfolk Holiday Cottages","53","495","Search our Properties. Sowerbys Holiday Cottages offering the finest holiday cottages in Norfolk.","97","598"
"https://www.sowerbysholidaycottages.co.uk/bespoke-management-service/","Bespoke management service - Sowerbys Holiday Cottages","54","529","","0","0"
"https://www.sowerbysholidaycottages.co.uk/norfolk-holiday-cottages/washmeres/","Norfolk Holiday Cottage to rent in Houghton Estate - Washmeres","62","574","Washmeres is a holiday cottage to rent, located in Houghton Estate, Norfolk. The cottage sleeps 8.","98","605"
"https://www.sowerbysholidaycottages.co.uk/popular-norfolk-holiday-features/electric-charging/","Norfolk Electric Charging holiday cottages - Sowerbys Holiday Cottages","70","631","Electric Charging holiday cottages in Norfolk from Sowerbys Holiday Cottages. A local independent agency from people who live in Norfolk.","137","854"
"https://www.sowerbysholidaycottages.co.uk/norfolk-holiday-locations/","Popular Norfolk holiday cottage villages and locations | Sowerbys Holiday Cottages","82","735","See our range of superb holiday cottages based coastal North Norfolk. We cover a large range of villages across Norfolk.","120","741"
"https://www.sowerbysholidaycottages.co.uk/about-sowerbys-holiday-cottages/meet-the-team/","Meet the team - Sowerbys Holiday Cottages","41","391","Our Sowerbys Holiday Team all live locally with a wealth of local knowledge to help get the most out of your stay.","114","692"
"https://www.sowerbysholidaycottages.co.uk/popular-norfolk-holiday-features/romantic-break/","Norfolk Romantic break holiday cottages - Sowerbys Holiday Cottages","67","620","Romantic break holiday cottages in Norfolk from Sowerbys Holiday Cottages. A local independent agency from people who live in Norfolk.","134","847"
"https://www.sowerbysholidaycottages.co.uk/contact-sowerbys-holiday-cottages/","Sowerbys Holiday Cottages | Contact Us","38","356","Contact Sowerbys Holiday Cottages of Norfolk. Book the finest holiday cottages in coastal North Norfolk.","104","650"
"https://www.sowerbysholidaycottages.co.uk/norfolk-holiday-cottages/little-barwick/","Norfolk Holiday Cottage to rent in Stanhoe - Little Barwick","59","513","Little Barwick is a holiday cottage to rent, located in Stanhoe, Norfolk. The cottage sleeps 14.","96","570"
"https://www.sowerbysholidaycottages.co.uk/norfolk-holiday-cottage-search/?start_date=&duration=&sleeps=&dogs=&villageorproperty=&bedrooms=&bathrooms=&dogs_by_arrangement=yes&dogs_accepted=yes","Search Sowerby’s database of Norfolk Holiday Cottages","53","495","Search our Properties. Sowerbys Holiday Cottages offering the finest holiday cottages in Norfolk.","97","598"
"https://www.sowerbysholidaycottages.co.uk/norfolk-holiday-cottages/violet/","Norfolk Holiday Cottage to rent in Heacham - Violet","51","456","Violet is a holiday cottage to rent, located in Heacham, Norfolk. The cottage sleeps 6.","87","521"
"https://www.sowerbysholidaycottages.co.uk/inspiration/blog/","Blog - Sowerbys Holiday Cottages","32","298","Get the latest news and tips for holidaying in Norfolk from Sowerbys Holiday Cottages","85","530"
"https://www.sowerbysholidaycottages.co.uk/inspiration/things-to-do-in-norfolk/","Things to do in Norfolk - Sowerbys Holiday Cottages","51","460","","0","0"
"https://www.sowerbysholidaycottages.co.uk/terms-and-conditions/","Terms and Conditions - Sowerbys Holiday Cottages","48","455","","0","0"
"https://www.sowerbysholidaycottages.co.uk/request-your-free-homeowners-guide/","Request your free Homeowner's Guide - Sowerbys Holiday Cottages","63","600","Our useful guide with all the information you need to know to make your Sowerbys Holiday Cottage a success","106","674"
"https://www.sowerbysholidaycottages.co.uk/about-sowerbys-holiday-cottages/","About Sowerbys Holiday Cottages","31","301","Sowerbys Holiday Cottages are an established local independent agency who let the best holiday cottages in coastal North Norfolk","128","805"
"https://www.sowerbysholidaycottages.co.uk/norfolk-holiday-cottages/beachside/","Norfolk Holiday Cottage to rent in Heacham - Beachside","54","496","Beachside is a holiday cottage to rent, located in Heacham, Norfolk. The cottage sleeps 4.","90","550"
"https://www.sowerbysholidaycottages.co.uk/about-sowerbys-holiday-cottages/our-norfolk-estate-agents/","Our Norfolk Estate Agents - Sowerbys Holiday Cottages","53","491","","0","0"
"https://www.sowerbysholidaycottages.co.uk/inspiration/norfolk-events/","Sowerbys Holiday Cottages | Norfolk events","42","388","Upcoming Events around North Norfolk coast from Sowerbys Holiday Cottages","73","489"
"https://www.sowerbysholidaycottages.co.uk/seasonal-guide-request/","Seasonal Guide Request - Sowerbys Holiday Cottages","50","476","Get a copy of our seasonal guide to help you make the most out of a holiday to Norfolk this year.","97","592"
"https://www.sowerbysholidaycottages.co.uk/norfolk-holiday-cottage-search/alphabetical-list/","Alphabetical list - Sowerbys Holiday Cottages","45","402","","0","0"
"https://www.sowerbysholidaycottages.co.uk/inspiration/seasonal-guides/","Seasonal Guides - Sowerbys Holiday Cottages","43","408","","0","0"
"https://www.sowerbysholidaycottages.co.uk/norfolk-holiday-cottage-search/?start_date=&duration=&sleeps=10&dogs=&property=&bedrooms=&bathrooms=&village=","Search Sowerby’s database of Norfolk Holiday Cottages","53","495","Search our Properties. Sowerbys Holiday Cottages offering the finest holiday cottages in Norfolk.","97","598"
"https://www.sowerbysholidaycottages.co.uk/holiday-cottage-owner-information/","Sowerbys Holiday Cottages | Norfolk holiday cottage owner information","69","633","Sowerbys Holiday Cottages is the perfect partner to rent out your home-from-home.","81","517"
"https://www.sowerbysholidaycottages.co.uk/popular-norfolk-holiday-features/dogs-accepted/","Norfolk Dog friendly holiday cottages - Sowerbys Holiday Cottages","65","586","Dog friendly holiday cottages in Norfolk from Sowerbys Holiday Cottages. A local independent agency from people who live in Norfolk.","132","823"
"https://www.sowerbysholidaycottages.co.uk/norfolk-holiday-cottages/aster-house/","Norfolk Holiday Cottage to rent in Burnham Overy Staithe - Aster House","70","634","Aster House is a holiday cottage to rent, located in Burnham Overy Staithe, Norfolk. The cottage sleeps 8.","106","646"
"https://www.sowerbysholidaycottages.co.uk/norfolk-holiday-cottages/3-the-old-school/","Norfolk Holiday Cottage to rent in Burnham Market - 3 The Old School","68","617","3 The Old School is a holiday cottage to rent, located in Burnham Market, Norfolk. The cottage sleeps 6.","104","634"
"https://www.sowerbysholidaycottages.co.uk/norfolk-holiday-cottages/channel-view-and-cottage/","Norfolk Holiday Cottage to rent in Wells-next-the-sea - Channel View and Cottage","80","721","Channel View and Cottage is a holiday cottage to rent, located in Wells-next-the-sea, Norfolk. The cottage sleeps 4.","116","703"
"https://www.sowerbysholidaycottages.co.uk/norfolk-holiday-cottages/3-marshland-barns/","Norfolk Holiday Cottage to rent in Titchwell - 3 Marshland Barns","64","565","3 Marshland Barns is a holiday cottage to rent, located in Titchwell, Norfolk. The cottage sleeps 8.","100","599"
"https://www.sowerbysholidaycottages.co.uk/norfolk-holiday-cottage-search/","Search Sowerby’s database of Norfolk Holiday Cottages","53","495","Search our Properties. Sowerbys Holiday Cottages offering the finest holiday cottages in Norfolk.","97","598"
"https://www.sowerbysholidaycottages.co.uk/norfolk-holiday-cottages/the-dairy-barn-2-bedrooms/","Norfolk Holiday Cottage to rent in Burnham Overy Staithe - The Dairy Barn 2 bedrooms","84","765","The Dairy Barn 2 bedrooms is a holiday cottage to rent, located in Burnham Overy Staithe, Norfolk. The cottage sleeps 5.","120","738"
"https://www.sowerbysholidaycottages.co.uk/norfolk-holiday-cottages/pantiles/","Norfolk Holiday Cottage to rent in Burnham Market - Pantiles","60","540","Pantiles is a holiday cottage to rent, located in Burnham Market, Norfolk. The cottage sleeps 4.","96","581"
"https://www.sowerbysholidaycottages.co.uk/norfolk-holiday-cottages/crowberry-barn/","Norfolk Holiday Cottage to rent in Burnham Market - Crowberry Barn","66","604","Crowberry Barn is a holiday cottage to rent, located in Burnham Market, Norfolk. The cottage sleeps 6.","102","629"
"https://www.sowerbysholidaycottages.co.uk/norfolk-holiday-cottages/close-cottage/","Norfolk Holiday Cottage to rent in Brancaster Staithe - Close Cottage","69","610","Close Cottage is a holiday cottage to rent, located in Brancaster Staithe, Norfolk. The cottage sleeps 6.","105","629"
"https://www.sowerbysholidaycottages.co.uk/norfolk-holiday-cottages/sunnyvale/","Norfolk Holiday Cottage to rent in Docking - Sunnyvale","54","480","Sunnyvale is a holiday cottage to rent, located in Docking, Norfolk. The cottage sleeps 5.","90","540"
"https://www.sowerbysholidaycottages.co.uk/norfolk-holiday-cottages/nelson-cottage/","Norfolk Holiday Cottage to rent in Burnham Market - Nelson Cottage","66","605","Nelson Cottage is a holiday cottage to rent, located in Burnham Market, Norfolk. The cottage sleeps 4.","102","627"
"https://www.sowerbysholidaycottages.co.uk/norfolk-holiday-cottages/sybil-cottage/","Norfolk Holiday Cottage to rent in Holme-next-the-Sea - Sybil Cottage","69","615","Sybil Cottage is a holiday cottage to rent, located in Holme-next-the-Sea, Norfolk. The cottage sleeps 8.","105","630"
"https://www.sowerbysholidaycottages.co.uk/norfolk-holiday-cottages/the-old-forge/","Norfolk Holiday Cottage to rent in Burnham Market - The Old Forge","65","592","The Old Forge is a holiday cottage to rent, located in Burnham Market, Norfolk. The cottage sleeps 6.","101","617"
"https://www.sowerbysholidaycottages.co.uk/norfolk-holiday-cottages/slumber-barn-5-bedrooms/","Norfolk Holiday Cottage to rent in Great Snoring - Slumber Barn 5 bedrooms","74","673","Slumber Barn 5 bedrooms is a holiday cottage to rent, located in Great Snoring, Norfolk. The cottage sleeps 12.","111","681"
"https://www.sowerbysholidaycottages.co.uk/norfolk-holiday-cottages/flagstaff-cottage/","Norfolk Holiday Cottage to rent in Burnham Overy Staithe - Flagstaff Cottage","76","680","Flagstaff Cottage is a holiday cottage to rent, located in Burnham Overy Staithe, Norfolk. The cottage sleeps 6.","112","680"
"https://www.sowerbysholidaycottages.co.uk/norfolk-holiday-cottages/the-old-post-office/","Norfolk Holiday Cottage to rent in Sedgeford - The Old Post Office","66","584","The Old Post Office is a holiday cottage to rent, located in Sedgeford, Norfolk. The cottage sleeps 6.","102","609"
"https://www.sowerbysholidaycottages.co.uk/norfolk-holiday-cottages/the-dairy-barn/","Norfolk Holiday Cottage to rent in Burnham Overy Staithe - The Dairy Barn","73","654","The Dairy Barn is a holiday cottage to rent, located in Burnham Overy Staithe, Norfolk. The cottage sleeps 10.","110","669"
"https://www.sowerbysholidaycottages.co.uk/norfolk-holiday-cottages/oak-tree-cottage/","Norfolk Holiday Cottage to rent in North Creake - Oak Tree Cottage","66","593","Oak Tree Cottage is a holiday cottage to rent, located in North Creake, Norfolk. The cottage sleeps 5.","102","616"
"https://www.sowerbysholidaycottages.co.uk/norfolk-holiday-cottages/1-king-william-cottage/","Norfolk Holiday Cottage to rent in Docking - 1 King William Cottage","67","593","1 King William Cottage is a holiday cottage to rent, located in Docking, Norfolk. The cottage sleeps 6.","103","615"
"https://www.sowerbysholidaycottages.co.uk/norfolk-holiday-cottages/flagstaff-boathouse/","Norfolk Holiday Cottage to rent in Burnham Overy Staithe - Flagstaff Boathouse","78","704","Flagstaff Boathouse is a holiday cottage to rent, located in Burnham Overy Staithe, Norfolk. The cottage sleeps 6.","114","698"
"https://www.sowerbysholidaycottages.co.uk/norfolk-holiday-cottages/1-crarves/","Norfolk Holiday Cottage to rent in Docking - 1 Crarves","54","474","1 Crarves is a holiday cottage to rent, located in Docking, Norfolk. The cottage sleeps 4.","90","535"
"https://www.sowerbysholidaycottages.co.uk/map-search/?start_date=&duration=&sleeps=&dogs=&village=&bedrooms=&bathrooms=&property=&special_offer=yes","Map Search - Sowerbys Holiday Cottages","38","365","","0","0"
"https://www.sowerbysholidaycottages.co.uk/norfolk-holiday-cottages/the-paddock/","Norfolk Holiday Cottage to rent in Stanhoe - The Paddock","56","508","The Paddock is a holiday cottage to rent, located in Stanhoe, Norfolk. The cottage sleeps 10.","93","567"
"https://www.sowerbysholidaycottages.co.uk/norfolk-holiday-cottages/beehive-cottage/","Norfolk Holiday Cottage to rent in Burnham Market - Beehive Cottage","67","614","Beehive Cottage is a holiday cottage to rent, located in Burnham Market, Norfolk. The cottage sleeps 8.","103","632"
"https://www.sowerbysholidaycottages.co.uk/norfolk-holiday-cottages/eider-cottage/","Norfolk Holiday Cottage to rent in Stanhoe - Eider Cottage","58","513","Eider Cottage is a holiday cottage to rent, located in Stanhoe, Norfolk. The cottage sleeps 8.","94","562"
"https://www.sowerbysholidaycottages.co.uk/norfolk-holiday-cottages/mandalay/","Norfolk Holiday Cottage to rent in Old Hunstanton - Mandalay","60","543","Mandalay is a holiday cottage to rent, located in Old Hunstanton, Norfolk. The cottage sleeps 8.","96","587"
"https://www.sowerbysholidaycottages.co.uk/norfolk-holiday-cottages/eton-house/","Norfolk Holiday Cottage to rent in Docking - Eton House","55","491","Eton House is a holiday cottage to rent, located in Docking, Norfolk. The cottage sleeps 8.","91","548"
"https://www.sowerbysholidaycottages.co.uk/norfolk-holiday-cottages/michaelmas/","Norfolk Holiday Cottage to rent in Stanhoe - Michaelmas","55","501","Michaelmas is a holiday cottage to rent, located in Stanhoe, Norfolk. The cottage sleeps 6.","91","553"
"https://www.sowerbysholidaycottages.co.uk/norfolk-holiday-cottages/flagstaff-east/","Norfolk Holiday Cottage to rent in Burnham Overy Staithe - Flagstaff East","73","648","Flagstaff East is a holiday cottage to rent, located in Burnham Overy Staithe, Norfolk. The cottage sleeps 5.","109","658"
"https://www.sowerbysholidaycottages.co.uk/norfolk-holiday-cottages/mill-view/","Norfolk Holiday Cottage to rent in Harpley - Mill View","54","467","Mill View is a holiday cottage to rent, located in Harpley, Norfolk. The cottage sleeps 4.","90","528"
"https://www.sowerbysholidaycottages.co.uk/norfolk-holiday-cottages/3-marshland-barns-2-bedrooms/","Norfolk Holiday Cottage to rent in Titchwell - 3 Marshland Barns 2 bedrooms","75","676","3 Marshland Barns 2 bedrooms is a holiday cottage to rent, located in Titchwell, Norfolk. The cottage sleeps 4.","111","676"
"https://www.sowerbysholidaycottages.co.uk/norfolk-holiday-cottages/2-railway-cottages/","Norfolk Holiday Cottage to rent in Burnham Market - 2 Railway Cottages","70","637","2 Railway Cottages is a holiday cottage to rent, located in Burnham Market, Norfolk. The cottage sleeps 6.","106","651"
"https://www.sowerbysholidaycottages.co.uk/norfolk-holiday-cottages/channel-cottage/","Norfolk Holiday Cottage to rent in Wells-next-the-sea - Channel Cottage","71","634","Channel Cottage is a holiday cottage to rent, located in Wells-next-the-sea, Norfolk. The cottage sleeps 2.","107","643"
"https://www.sowerbysholidaycottages.co.uk/norfolk-holiday-cottages/western-cottage/","Norfolk Holiday Cottage to rent in South Creake - Western Cottage","65","589","Western Cottage is a holiday cottage to rent, located in South Creake, Norfolk. The cottage sleeps 6.","101","613"
"https://www.sowerbysholidaycottages.co.uk/norfolk-holiday-cottages/hill-top-docking/","Norfolk Holiday Cottage to rent in Docking - Hill Top Docking","61","533","Hill Top Docking is a holiday cottage to rent, located in Docking, Norfolk. The cottage sleeps 4.","97","575"
"https://www.sowerbysholidaycottages.co.uk/norfolk-holiday-cottages/eider-cottage-2-bedrooms/","Norfolk Holiday Cottage to rent in Stanhoe - Eider Cottage 2 bedrooms","69","624","Eider Cottage 2 bedrooms is a holiday cottage to rent, located in Stanhoe, Norfolk. The cottage sleeps 4.","105","639"
"https://www.sowerbysholidaycottages.co.uk/norfolk-holiday-cottages/the-loft/","Norfolk Holiday Cottage to rent in Hunstanton - The Loft","56","497","The Loft is a holiday cottage to rent, located in Hunstanton, Norfolk. The cottage sleeps 3.","92","553"
"https://www.sowerbysholidaycottages.co.uk/norfolk-holiday-cottages/4-hare-cottage/","Norfolk Holiday Cottage to rent in South Creake - 4 Hare Cottage","64","573","4 Hare Cottage is a holiday cottage to rent, located in South Creake, Norfolk. The cottage sleeps 4.","100","603"
"https://www.sowerbysholidaycottages.co.uk/norfolk-holiday-cottages/bridge-farm-barn/","Norfolk Holiday Cottage to rent in Warham - Bridge Farm Barn","60","549","Bridge Farm Barn is a holiday cottage to rent, located in Warham, Norfolk. The cottage sleeps 6.","96","588"
"https://www.sowerbysholidaycottages.co.uk/norfolk-holiday-cottages/channel-view/","Norfolk Holiday Cottage to rent in Wells-next-the-sea - Channel View","68","607","Channel View is a holiday cottage to rent, located in Wells-next-the-sea, Norfolk. The cottage sleeps 2.","104","623"
"https://www.sowerbysholidaycottages.co.uk/norfolk-holiday-cottages/the-dairy-barn-3-bedrooms/","Norfolk Holiday Cottage to rent in Burnham Overy Staithe - The Dairy Barn 3 bedrooms","84","765","The Dairy Barn 3 bedrooms is a holiday cottage to rent, located in Burnham Overy Staithe, Norfolk. The cottage sleeps 7.","120","738"
"https://www.sowerbysholidaycottages.co.uk/norfolk-holiday-cottages/flagstaff-west/","Norfolk Holiday Cottage to rent in Burnham Overy Staithe - Flagstaff West","73","655","Flagstaff West is a holiday cottage to rent, located in Burnham Overy Staithe, Norfolk. The cottage sleeps 6.","109","661"
"https://www.sowerbysholidaycottages.co.uk/norfolk-holiday-cottages/flagstaff-garden-house/","Norfolk Holiday Cottage to rent in Burnham Overy Staithe - Flagstaff Garden House","81","736","Flagstaff Garden House is a holiday cottage to rent, located in Burnham Overy Staithe, Norfolk. The cottage sleeps 2.","117","719"
"https://www.sowerbysholidaycottages.co.uk/norfolk-holiday-cottages/eton-house-2-bedrooms/","Norfolk Holiday Cottage to rent in Docking - Eton House 2 bedrooms","66","602","Eton House 2 bedrooms is a holiday cottage to rent, located in Docking, Norfolk. The cottage sleeps 4.","102","625"
"https://www.sowerbysholidaycottages.co.uk/popular-norfolk-holiday-villages/harpley/","Holiday cottages to rent in Harpley, Norfolk - Sowerbys Holiday Cottages","72","640","Holiday Cottages to rent in Harpley on the Norfolk coast. Sowerbys Holiday Cottages is an established local agency.","115","713"
"https://www.sowerbysholidaycottages.co.uk/norfolk-holiday-cottages/avocet-cottage/","Norfolk Holiday Cottage to rent in Brancaster Staithe - Avocet Cottage","70","622","Avocet Cottage is a holiday cottage to rent, located in Brancaster Staithe, Norfolk. The cottage sleeps 6.","106","638"
"https://www.sowerbysholidaycottages.co.uk/popular-norfolk-holiday-villages/egmere/","Holiday cottages to rent in Egmere, Norfolk - Sowerbys Holiday Cottages","71","641","Holiday Cottages to rent in Egmere on the Norfolk coast. Sowerbys Holiday Cottages is an established local agency.","114","712"
"https://www.sowerbysholidaycottages.co.uk/popular-norfolk-holiday-villages/north-creake/","Holiday cottages to rent in North Creake, Norfolk - Sowerbys Holiday Cottages","77","690","Holiday Cottages to rent in North Creake on the Norfolk coast. Sowerbys Holiday Cottages is an established local agency.","120","747"
"https://www.sowerbysholidaycottages.co.uk/popular-norfolk-holiday-villages/sedgeford/","Holiday cottages to rent in Sedgeford, Norfolk - Sowerbys Holiday Cottages","74","664","Holiday Cottages to rent in Sedgeford on the Norfolk coast. Sowerbys Holiday Cottages is an established local agency.","117","729"
"https://www.sowerbysholidaycottages.co.uk/popular-norfolk-holiday-villages/wighton/","Holiday cottages to rent in Wighton, Norfolk - Sowerbys Holiday Cottages","72","646","Holiday Cottages to rent in Wighton on the Norfolk coast. Sowerbys Holiday Cottages is an established local agency.","115","717"
"https://www.sowerbysholidaycottages.co.uk/popular-norfolk-holiday-villages/burnham-market/","Holiday cottages to rent in Burnham Market, Norfolk - Sowerbys Holiday Cottages","79","721","Holiday Cottages to rent in Burnham Market on the Norfolk coast. Sowerbys Holiday Cottages is an established local agency.","122","770"
"https://www.sowerbysholidaycottages.co.uk/popular-norfolk-holiday-villages/walsingham/","Holiday cottages to rent in Walsingham, Norfolk - Sowerbys Holiday Cottages","75","683","Holiday Cottages to rent in Walsingham on the Norfolk coast. Sowerbys Holiday Cottages is an established local agency.","118","742"
"https://www.sowerbysholidaycottages.co.uk/popular-norfolk-holiday-villages/burnham-overy-town/","Holiday cottages to rent in Burnham Overy Town, Norfolk - Sowerbys Holiday Cottages","83","763","Holiday Cottages to rent in Burnham Overy Town on the Norfolk coast. Sowerbys Holiday Cottages is an established local agency.","126","800"
"https://www.sowerbysholidaycottages.co.uk/popular-norfolk-holiday-villages/burnham-overy-staithe/","Holiday cottages to rent in Burnham Overy Staithe, Norfolk - Sowerbys Holiday Cottages","86","778","Holiday Cottages to rent in Burnham Overy Staithe on the Norfolk coast. Sowerbys Holiday Cottages is an established local agency.","129","809"
"https://www.sowerbysholidaycottages.co.uk/popular-norfolk-holiday-villages/heacham/","Holiday cottages to rent in Heacham, Norfolk - Sowerbys Holiday Cottages","72","658","Holiday Cottages to rent in Heacham on the Norfolk coast. Sowerbys Holiday Cottages is an established local agency.","115","725"
"https://www.sowerbysholidaycottages.co.uk/popular-norfolk-holiday-villages/ringstead/","Holiday cottages to rent in Ringstead, Norfolk - Sowerbys Holiday Cottages","74","661","Holiday Cottages to rent in Ringstead on the Norfolk coast. Sowerbys Holiday Cottages is an established local agency.","117","728"
"https://www.sowerbysholidaycottages.co.uk/popular-norfolk-holiday-villages/great-snoring/","Holiday cottages to rent in Great Snoring, Norfolk - Sowerbys Holiday Cottages","78","695","Holiday Cottages to rent in Great Snoring on the Norfolk coast. Sowerbys Holiday Cottages is an established local agency.","121","751"
"https://www.sowerbysholidaycottages.co.uk/popular-norfolk-holiday-villages/hunstanton/","Holiday cottages to rent in Hunstanton, Norfolk - Sowerbys Holiday Cottages","75","676","Holiday Cottages to rent in Hunstanton on the Norfolk coast. Sowerbys Holiday Cottages is an established local agency.","118","740"
"https://www.sowerbysholidaycottages.co.uk/popular-norfolk-holiday-villages/brancaster/","Holiday cottages to rent in Brancaster, Norfolk - Sowerbys Holiday Cottages","75","669","Holiday Cottages to rent in Brancaster on the Norfolk coast. Sowerbys Holiday Cottages is an established local agency.","118","734"
"https://www.sowerbysholidaycottages.co.uk/popular-norfolk-holiday-villages/brancaster-staithe/","Holiday cottages to rent in Brancaster Staithe, Norfolk - Sowerbys Holiday Cottages","83","738","Holiday Cottages to rent in Brancaster Staithe on the Norfolk coast. Sowerbys Holiday Cottages is an established local agency.","126","781"
"https://www.sowerbysholidaycottages.co.uk/popular-norfolk-holiday-villages/old-hunstanton/","Holiday cottages to rent in Old Hunstanton, Norfolk - Sowerbys Holiday Cottages","79","711","Holiday Cottages to rent in Old Hunstanton on the Norfolk coast. Sowerbys Holiday Cottages is an established local agency.","122","764"
"https://www.sowerbysholidaycottages.co.uk/popular-norfolk-holiday-villages/thornham/","Holiday cottages to rent in Thornham, Norfolk - Sowerbys Holiday Cottages","73","664","Holiday Cottages to rent in Thornham on the Norfolk coast. Sowerbys Holiday Cottages is an established local agency.","116","730"
"https://www.sowerbysholidaycottages.co.uk/popular-norfolk-holiday-villages/burnham-deepdale/","Holiday cottages to rent in Burnham Deepdale, Norfolk - Sowerbys Holiday Cottages","81","742","Holiday Cottages to rent in Burnham Deepdale on the Norfolk coast. Sowerbys Holiday Cottages is an established local agency.","124","783"
"https://www.sowerbysholidaycottages.co.uk/popular-norfolk-holiday-villages/blakeney/","Holiday cottages to rent in Blakeney, Norfolk - Sowerbys Holiday Cottages","73","652","Holiday Cottages to rent in Blakeney on the Norfolk coast. Sowerbys Holiday Cottages is an established local agency.","116","721"
"https://www.sowerbysholidaycottages.co.uk/popular-norfolk-holiday-villages/wells-next-the-sea/","Holiday cottages to rent in Wells-next-the-sea, Norfolk - Sowerbys Holiday Cottages","83","739","Holiday Cottages to rent in Wells-next-the-sea on the Norfolk coast. Sowerbys Holiday Cottages is an established local agency.","126","778"
"https://www.sowerbysholidaycottages.co.uk/popular-norfolk-holiday-villages/warham/","Holiday cottages to rent in Warham, Norfolk - Sowerbys Holiday Cottages","71","648","Holiday Cottages to rent in Warham on the Norfolk coast. Sowerbys Holiday Cottages is an established local agency.","114","718"
"https://www.sowerbysholidaycottages.co.uk/popular-norfolk-holiday-villages/titchwell/","Holiday cottages to rent in Titchwell, Norfolk - Sowerbys Holiday Cottages","74","653","Holiday Cottages to rent in Titchwell on the Norfolk coast. Sowerbys Holiday Cottages is an established local agency.","117","720"
"https://www.sowerbysholidaycottages.co.uk/popular-norfolk-holiday-villages/burnham-norton/","Holiday cottages to rent in Burnham Norton, Norfolk - Sowerbys Holiday Cottages","79","719","Holiday Cottages to rent in Burnham Norton on the Norfolk coast. Sowerbys Holiday Cottages is an established local agency.","122","770"
"https://www.sowerbysholidaycottages.co.uk/popular-norfolk-holiday-villages/houghton-estate/","Holiday cottages to rent in Houghton Estate, Norfolk - Sowerbys Holiday Cottages","80","721","Holiday Cottages to rent in Houghton Estate on the Norfolk coast. Sowerbys Holiday Cottages is an established local agency.","123","771"
"https://www.sowerbysholidaycottages.co.uk/popular-norfolk-holiday-villages/stanhoe/","Holiday cottages to rent in Stanhoe, Norfolk - Sowerbys Holiday Cottages","72","646","Holiday Cottages to rent in Stanhoe on the Norfolk coast. Sowerbys Holiday Cottages is an established local agency.","115","717"
"https://www.sowerbysholidaycottages.co.uk/popular-norfolk-holiday-villages/holme-next-the-sea/","Holiday cottages to rent in Holme-next-the-Sea, Norfolk - Sowerbys Holiday Cottages","83","751","Holiday Cottages to rent in Holme-next-the-Sea on the Norfolk coast. Sowerbys Holiday Cottages is an established local agency.","126","787"
"https://www.sowerbysholidaycottages.co.uk/popular-norfolk-holiday-villages/docking/","Holiday cottages to rent in Docking, Norfolk - Sowerbys Holiday Cottages","72","643","Holiday Cottages to rent in Docking on the Norfolk coast. Sowerbys Holiday Cottages is an established local agency.","115","715"
"https://www.sowerbysholidaycottages.co.uk/popular-norfolk-holiday-villages/fring/","Holiday cottages to rent in Fring, Norfolk - Sowerbys Holiday Cottages","70","617","Holiday Cottages to rent in Fring on the Norfolk coast. Sowerbys Holiday Cottages is an established local agency.","113","697"
"https://www.sowerbysholidaycottages.co.uk/popular-norfolk-holiday-villages/stiffkey/","Holiday cottages to rent in Stiffkey, Norfolk - Sowerbys Holiday Cottages","73","640","Holiday Cottages to rent in Stiffkey on the Norfolk coast. Sowerbys Holiday Cottages is an established local agency.","116","712"
"https://www.sowerbysholidaycottages.co.uk/popular-norfolk-holiday-villages/binham/","Holiday cottages to rent in Binham, Norfolk - Sowerbys Holiday Cottages","71","640","Holiday Cottages to rent in Binham on the Norfolk coast. Sowerbys Holiday Cottages is an established local agency.","114","713"
"https://www.sowerbysholidaycottages.co.uk/popular-norfolk-holiday-villages/south-creake/","Holiday cottages to rent in South Creake, Norfolk - Sowerbys Holiday Cottages","77","692","Holiday Cottages to rent in South Creake on the Norfolk coast. Sowerbys Holiday Cottages is an established local agency.","120","748"
"https://www.sowerbysholidaycottages.co.uk/norfolk-holiday-cottages/high-barn/","Norfolk Holiday Cottage to rent in Binham - High Barn","53","473","High Barn is a holiday cottage to rent, located in Binham, Norfolk. The cottage sleeps 8.","89","536"
"https://www.sowerbysholidaycottages.co.uk/norfolk-holiday-cottages/sanderling/","Norfolk Holiday Cottage to rent in Burnham Market - Sanderling","62","562","Sanderling is a holiday cottage to rent, located in Burnham Market, Norfolk. The cottage sleeps 7.","98","597"
"https://www.sowerbysholidaycottages.co.uk/norfolk-holiday-cottages/the-gables/","Norfolk Holiday Cottage to rent in Thornham - The Gables","56","511","The Gables is a holiday cottage to rent, located in Thornham, Norfolk. The cottage sleeps 8.","92","560"
"https://www.sowerbysholidaycottages.co.uk/norfolk-holiday-cottages/orchard-house-3-bedrooms/","Norfolk Holiday Cottage to rent in Burnham Market - Orchard House 3 bedrooms","76","711","Orchard House 3 bedrooms is a holiday cottage to rent, located in Burnham Market, Norfolk. The cottage sleeps 6.","112","702"
"https://www.sowerbysholidaycottages.co.uk/norfolk-holiday-cottages/heron-cottage/","Norfolk Holiday Cottage to rent in Thornham - Heron Cottage","59","540","Heron Cottage is a holiday cottage to rent, located in Thornham, Norfolk. The cottage sleeps 10.","96","590"
"https://www.sowerbysholidaycottages.co.uk/norfolk-holiday-cottages/washington-beach-house/","Norfolk Holiday Cottage to rent in Heacham - Washington Beach House","67","632","Washington Beach House is a holiday cottage to rent, located in Heacham, Norfolk. The cottage sleeps 6.","103","646"
"https://www.sowerbysholidaycottages.co.uk/norfolk-holiday-cottages/sea-lavender-house/","Norfolk Holiday Cottage to rent in Brancaster - Sea Lavender House","66","599","Sea Lavender House is a holiday cottage to rent, located in Brancaster, Norfolk. The cottage sleeps 6.","102","622"
"https://www.sowerbysholidaycottages.co.uk/norfolk-holiday-cottages/old-mill-cottage/","Norfolk Holiday Cottage to rent in Binham - Old Mill Cottage","60","529","Old Mill Cottage is a holiday cottage to rent, located in Binham, Norfolk. The cottage sleeps 4.","96","572"
"https://www.sowerbysholidaycottages.co.uk/norfolk-holiday-cottages/marshview-cottage/","Norfolk Holiday Cottage to rent in Brancaster Staithe - Marshview Cottage","73","657","Marshview Cottage is a holiday cottage to rent, located in Brancaster Staithe, Norfolk. The cottage sleeps 6.","109","663"
"https://www.sowerbysholidaycottages.co.uk/norfolk-holiday-cottages/cherry-house/","Norfolk Holiday Cottage to rent in Thornham - Cherry House","58","530","Cherry House is a holiday cottage to rent, located in Thornham, Norfolk. The cottage sleeps 8.","94","575"
"https://www.sowerbysholidaycottages.co.uk/norfolk-holiday-cottages/washington-beach-house-with-lodge/","Norfolk Holiday Cottage to rent in Heacham - Washington Beach House with Lodge","78","735","Washington Beach House with Lodge is a holiday cottage to rent, located in Heacham, Norfolk. The cottage sleeps 10.","115","726"
"https://www.sowerbysholidaycottages.co.uk/norfolk-holiday-cottages/the-meadows/","Norfolk Holiday Cottage to rent in Holme-next-the-Sea - The Meadows","67","622","The Meadows is a holiday cottage to rent, located in Holme-next-the-Sea, Norfolk. The cottage sleeps 6.","103","635"
"https://www.sowerbysholidaycottages.co.uk/norfolk-holiday-cottages/hillcrest-barn/","Norfolk Holiday Cottage to rent in Burnham Market - Hillcrest Barn","66","587","Hillcrest Barn is a holiday cottage to rent, located in Burnham Market, Norfolk. The cottage sleeps 8.","102","614"
"https://www.sowerbysholidaycottages.co.uk/norfolk-holiday-cottages/the-cartshed-6-marshland-barns/","Norfolk Holiday Cottage to rent in Titchwell - The Cartshed 6 Marshland Barns","77","690","The Cartshed 6 Marshland Barns is a holiday cottage to rent, located in Titchwell, Norfolk. The cottage sleeps 8.","113","685"
"https://www.sowerbysholidaycottages.co.uk/norfolk-holiday-cottages/old-mill-and-cottage/","Norfolk Holiday Cottage to rent in Binham - Old Mill and Cottage","64","567","Old Mill and Cottage is a holiday cottage to rent, located in Binham, Norfolk. The cottage sleeps 12.","101","607"
"https://www.sowerbysholidaycottages.co.uk/norfolk-holiday-cottages/burnham-loft/","Norfolk Holiday Cottage to rent in Burnham Market - Burnham Loft","64","589","Burnham Loft is a holiday cottage to rent, located in Burnham Market, Norfolk. The cottage sleeps 4.","100","618"
"https://www.sowerbysholidaycottages.co.uk/norfolk-holiday-cottages/violets-cottage/","Norfolk Holiday Cottage to rent in Binham - Violet's Cottage","60","527","Violet's Cottage is a holiday cottage to rent, located in Binham, Norfolk. The cottage sleeps 4.","96","571"
"https://www.sowerbysholidaycottages.co.uk/norfolk-holiday-cottages/easterly/","Norfolk Holiday Cottage to rent in Burnham Market - Easterly","60","538","Easterly is a holiday cottage to rent, located in Burnham Market, Norfolk. The cottage sleeps 8.","96","581"
"https://www.sowerbysholidaycottages.co.uk/norfolk-holiday-cottages/fayette/","Norfolk Holiday Cottage to rent in North Creake - Fayette","57","503","Fayette is a holiday cottage to rent, located in North Creake, Norfolk. The cottage sleeps 4.","93","555"
"https://www.sowerbysholidaycottages.co.uk/norfolk-holiday-cottages/1-manor-farm-barns/","Norfolk Holiday Cottage to rent in Brancaster - 1 Manor Farm Barns","66","596","1 Manor Farm Barns is a holiday cottage to rent, located in Brancaster, Norfolk. The cottage sleeps 8.","102","623"
"https://www.sowerbysholidaycottages.co.uk/norfolk-holiday-cottages/school-pastures-2-bedrooms/","Norfolk Holiday Cottage to rent in Burnham Deepdale - School Pastures 2 bedrooms","80","744","School Pastures 2 bedrooms is a holiday cottage to rent, located in Burnham Deepdale, Norfolk. The cottage sleeps 4.","116","722"
"https://www.sowerbysholidaycottages.co.uk/norfolk-holiday-cottages/lark-house/","Norfolk Holiday Cottage to rent in Burnham Market - Lark House","62","568","Lark House is a holiday cottage to rent, located in Burnham Market, Norfolk. The cottage sleeps 6.","98","602"
"https://www.sowerbysholidaycottages.co.uk/norfolk-holiday-cottages/washmeres-2-bedrooms/","Norfolk Holiday Cottage to rent in Houghton Estate - Washmeres 2 bedrooms","73","685","Washmeres 2 bedrooms is a holiday cottage to rent, located in Houghton Estate, Norfolk. The cottage sleeps 4.","109","682"
"https://www.sowerbysholidaycottages.co.uk/norfolk-holiday-cottages/mallards/","Norfolk Holiday Cottage to rent in Burnham Market - Mallards","60","544","Mallards is a holiday cottage to rent, located in Burnham Market, Norfolk. The cottage sleeps 8.","96","585"
"https://www.sowerbysholidaycottages.co.uk/norfolk-holiday-cottages/1-manor-farm-barns-3-bedrooms/","Norfolk Holiday Cottage to rent in Brancaster - 1 Manor Farm Barns 3 bedrooms","77","707","1 Manor Farm Barns 3 bedrooms is a holiday cottage to rent, located in Brancaster, Norfolk. The cottage sleeps 6.","113","700"
"https://www.sowerbysholidaycottages.co.uk/norfolk-holiday-cottages/tarnside/","Norfolk Holiday Cottage to rent in Docking - Tarnside","53","467","Tarnside is a holiday cottage to rent, located in Docking, Norfolk. The cottage sleeps 4.","89","530"
"https://www.sowerbysholidaycottages.co.uk/norfolk-holiday-cottages/aspall-escape/","Norfolk Holiday Cottage to rent in Burnham Market - Aspall Escape","65","591","Aspall Escape is a holiday cottage to rent, located in Burnham Market, Norfolk. The cottage sleeps 2.","101","617"
"https://www.sowerbysholidaycottages.co.uk/norfolk-holiday-cottages/hope-cottage/","Norfolk Holiday Cottage to rent in Holme-next-the-Sea - Hope Cottage","68","620","Hope Cottage is a holiday cottage to rent, located in Holme-next-the-Sea, Norfolk. The cottage sleeps 2.","104","634"
"https://www.sowerbysholidaycottages.co.uk/norfolk-holiday-cottages/old-mill/","Norfolk Holiday Cottage to rent in Binham - Old Mill","52","453","Old Mill is a holiday cottage to rent, located in Binham, Norfolk. The cottage sleeps 8.","88","519"
"https://www.sowerbysholidaycottages.co.uk/norfolk-holiday-cottages/scotts-cottage-4-bedrooms/","Norfolk Holiday Cottage to rent in Burnham Overy Staithe - Scott's Cottage 4 bedrooms","85","771","Scott's Cottage 4 bedrooms is a holiday cottage to rent, located in Burnham Overy Staithe, Norfolk. The cottage sleeps 8.","121","742"
"https://www.sowerbysholidaycottages.co.uk/norfolk-holiday-cottages/amber-cottage/","Norfolk Holiday Cottage to rent in Burnham Market - Amber Cottage","65","603","Amber Cottage is a holiday cottage to rent, located in Burnham Market, Norfolk. The cottage sleeps 5.","101","625"
"https://www.sowerbysholidaycottages.co.uk/norfolk-holiday-cottages/mallards-2-bedrooms/","Norfolk Holiday Cottage to rent in Burnham Market - Mallards 2 bedrooms","71","655","Mallards 2 bedrooms is a holiday cottage to rent, located in Burnham Market, Norfolk. The cottage sleeps 4.","107","662"
"https://www.sowerbysholidaycottages.co.uk/norfolk-holiday-cottages/cockleshed-house/","Norfolk Holiday Cottage to rent in Brancaster Staithe - Cockleshed House","72","649","Cockleshed House is a holiday cottage to rent, located in Brancaster Staithe, Norfolk. The cottage sleeps 8.","108","656"
"https://www.sowerbysholidaycottages.co.uk/norfolk-holiday-cottages/salt-marsh/","Norfolk Holiday Cottage to rent in Thornham - Salt Marsh","56","506","Salt Marsh is a holiday cottage to rent, located in Thornham, Norfolk. The cottage sleeps 8.","92","558"
"https://www.sowerbysholidaycottages.co.uk/norfolk-holiday-cottages/louisa-barn/","Norfolk Holiday Cottage to rent in Burnham Market - Louisa Barn","63","572","Louisa Barn is a holiday cottage to rent, located in Burnham Market, Norfolk. The cottage sleeps 6.","99","606"
"https://www.sowerbysholidaycottages.co.uk/norfolk-holiday-cottages/olives-cottage/","Norfolk Holiday Cottage to rent in Burnham Market - Olive's Cottage","67","601","Olive's Cottage is a holiday cottage to rent, located in Burnham Market, Norfolk. The cottage sleeps 6.","103","623"
"https://www.sowerbysholidaycottages.co.uk/norfolk-holiday-cottages/the-cartshed-6-marshland-barns-2-bedrooms/","Norfolk Holiday Cottage to rent in Titchwell - The Cartshed 6 Marshland Barns 2 bedrooms","88","801","The Cartshed 6 Marshland Barns 2 bedrooms is a holiday cottage to rent, located in Titchwell, Norfolk. The cottage sleeps 4.","124","762"
"https://www.sowerbysholidaycottages.co.uk/norfolk-holiday-cottages/basils-barn/","Norfolk Holiday Cottage to rent in Burnham Market - Basil's Barn","64","569","Basil's Barn is a holiday cottage to rent, located in Burnham Market, Norfolk. The cottage sleeps 8.","100","603"
"https://www.sowerbysholidaycottages.co.uk/norfolk-holiday-cottages/school-pastures-6-bedrooms/","Norfolk Holiday Cottage to rent in Burnham Deepdale - School Pastures 6 bedrooms","80","744","School Pastures 6 bedrooms is a holiday cottage to rent, located in Burnham Deepdale, Norfolk. The cottage sleeps 12.","117","730"
"https://www.sowerbysholidaycottages.co.uk/norfolk-holiday-cottages/bell-view-cottage/","Norfolk Holiday Cottage to rent in Burnham Market - Bell View Cottage","69","625","Bell View Cottage is a holiday cottage to rent, located in Burnham Market, Norfolk. The cottage sleeps 4.","105","639"
"https://www.sowerbysholidaycottages.co.uk/norfolk-holiday-cottages/greystones/","Norfolk Holiday Cottage to rent in Holme-next-the-Sea - Greystones","66","598","Greystones is a holiday cottage to rent, located in Holme-next-the-Sea, Norfolk. The cottage sleeps 10.","103","627"
"https://www.sowerbysholidaycottages.co.uk/norfolk-holiday-cottages/1-manor-farm-barns-2-bedrooms/","Norfolk Holiday Cottage to rent in Brancaster - 1 Manor Farm Barns 2 bedrooms","77","707","1 Manor Farm Barns 2 bedrooms is a holiday cottage to rent, located in Brancaster, Norfolk. The cottage sleeps 4.","113","700"
"https://www.sowerbysholidaycottages.co.uk/norfolk-holiday-cottages/orchard-house-5-bedrooms/","Norfolk Holiday Cottage to rent in Burnham Market - Orchard House 5 bedrooms","76","711","Orchard House 5 bedrooms is a holiday cottage to rent, located in Burnham Market, Norfolk. The cottage sleeps 10.","113","710"
"https://www.sowerbysholidaycottages.co.uk/norfolk-holiday-cottages/the-old-smithy/","Norfolk Holiday Cottage to rent in Holme-next-the-Sea - The Old Smithy","70","633","The Old Smithy is a holiday cottage to rent, located in Holme-next-the-Sea, Norfolk. The cottage sleeps 2.","106","641"
"https://www.sowerbysholidaycottages.co.uk/norfolk-holiday-cottages/the-lamp-house/","Norfolk Holiday Cottage to rent in Burnham Market - The Lamp House","66","619","The Lamp House is a holiday cottage to rent, located in Burnham Market, Norfolk. The cottage sleeps 6.","102","636"
"https://www.sowerbysholidaycottages.co.uk/norfolk-holiday-cottages/beacon-hill-barn/","Norfolk Holiday Cottage to rent in Burnham Market - Beacon Hill Barn","68","613","Beacon Hill Barn is a holiday cottage to rent, located in Burnham Market, Norfolk. The cottage sleeps 10.","105","641"
"https://www.sowerbysholidaycottages.co.uk/norfolk-holiday-cottages/seaborne-penthouse/","Norfolk Holiday Cottage to rent in Wells-next-the-Sea - Seaborne Penthouse","74","673","Seaborne Penthouse is a holiday cottage to rent, located in Wells-next-the-Sea, Norfolk. The cottage sleeps 4.","110","669"
"https://www.sowerbysholidaycottages.co.uk/norfolk-holiday-cottages/oystercatchers/","Norfolk Holiday Cottage to rent in Burnham Market - Oystercatchers","66","602","Oystercatchers is a holiday cottage to rent, located in Burnham Market, Norfolk. The cottage sleeps 4.","102","626"
"https://www.sowerbysholidaycottages.co.uk/norfolk-holiday-cottages/the-saltings/","Norfolk Holiday Cottage to rent in Thornham - The Saltings","58","521","The Saltings is a holiday cottage to rent, located in Thornham, Norfolk. The cottage sleeps 12.","95","575"
"https://www.sowerbysholidaycottages.co.uk/norfolk-holiday-cottages/sail-away/","Norfolk Holiday Cottage to rent in Brancaster Staithe - Sail Away","65","570","Sail Away is a holiday cottage to rent, located in Brancaster Staithe, Norfolk. The cottage sleeps 4.","101","602"
"https://www.sowerbysholidaycottages.co.uk/norfolk-holiday-cottages/peewits-penthouse/","Norfolk Holiday Cottage to rent in Wells-next-the-Sea - Peewits Penthouse","73","660","Peewits Penthouse is a holiday cottage to rent, located in Wells-next-the-Sea, Norfolk. The cottage sleeps 4.","109","659"
"https://www.sowerbysholidaycottages.co.uk/norfolk-holiday-cottages/heronsway/","Norfolk Holiday Cottage to rent in Holme-next-the-Sea - Heronsway","65","596","Heronsway is a holiday cottage to rent, located in Holme-next-the-Sea, Norfolk. The cottage sleeps 4.","101","619"
"https://www.sowerbysholidaycottages.co.uk/norfolk-holiday-cottages/slumber-barn-3-bedrooms/","Norfolk Holiday Cottage to rent in Great Snoring - Slumber Barn 3 bedrooms","74","673","Slumber Barn 3 bedrooms is a holiday cottage to rent, located in Great Snoring, Norfolk. The cottage sleeps 6.","110","673"
"https://www.sowerbysholidaycottages.co.uk/norfolk-holiday-cottages/blackbird-barn/","Norfolk Holiday Cottage to rent in Wells-next-the-Sea - Blackbird Barn","70","615","Blackbird Barn is a holiday cottage to rent, located in Wells-next-the-Sea, Norfolk. The cottage sleeps 4.","106","631"
"https://www.sowerbysholidaycottages.co.uk/norfolk-holiday-cottages/driftwood/","Norfolk Holiday Cottage to rent in Ringstead - Driftwood","56","494","Driftwood is a holiday cottage to rent, located in Ringstead, Norfolk. The cottage sleeps 8.","92","551"
"https://www.sowerbysholidaycottages.co.uk/norfolk-holiday-cottages/scotts-cottage-6-bedrooms/","Norfolk Holiday Cottage to rent in Burnham Overy Staithe - Scott's Cottage 6 bedrooms","85","771","Scott's Cottage 6 bedrooms is a holiday cottage to rent, located in Burnham Overy Staithe, Norfolk. The cottage sleeps 10.","122","750"
"https://www.sowerbysholidaycottages.co.uk/norfolk-holiday-cottages/cobblestone-cottage/","Norfolk Holiday Cottage to rent in Docking - Cobblestone Cottage","64","577","Cobblestone Cottage is a holiday cottage to rent, located in Docking, Norfolk. The cottage sleeps 4.","100","607"
"https://www.sowerbysholidaycottages.co.uk/norfolk-holiday-cottages/allerdale-house/","Norfolk Holiday Cottage to rent in Brancaster Staithe - Allerdale House","71","625","Allerdale House is a holiday cottage to rent, located in Brancaster Staithe, Norfolk. The cottage sleeps 4.","107","638"
"https://www.sowerbysholidaycottages.co.uk/norfolk-holiday-cottages/school-pastures-4-bedrooms/","Norfolk Holiday Cottage to rent in Burnham Deepdale - School Pastures 4 bedrooms","80","744","School Pastures 4 bedrooms is a holiday cottage to rent, located in Burnham Deepdale, Norfolk. The cottage sleeps 8.","116","722"
"https://www.sowerbysholidaycottages.co.uk/norfolk-holiday-cottages/spring-cottage/","Norfolk Holiday Cottage to rent in Burnham Market - Spring Cottage","66","600","Spring Cottage is a holiday cottage to rent, located in Burnham Market, Norfolk. The cottage sleeps 4.","102","624"
"https://www.sowerbysholidaycottages.co.uk/norfolk-holiday-cottages/stearmans-cottage/","Norfolk Holiday Cottage to rent in Wells-next-the-sea - Stearmans Cottage","73","659","Stearmans Cottage is a holiday cottage to rent, located in Wells-next-the-sea, Norfolk. The cottage sleeps 5.","109","660"
"https://www.sowerbysholidaycottages.co.uk/norfolk-holiday-cottages/tides/","Norfolk Holiday Cottage to rent in Wells-next-the-Sea - Tides","61","536","Tides is a holiday cottage to rent, located in Wells-next-the-Sea, Norfolk. The cottage sleeps 6.","97","573"
"https://www.sowerbysholidaycottages.co.uk/norfolk-holiday-cottages/chase-cottage-2-bedrooms/","Norfolk Holiday Cottage to rent in Docking - Chase Cottage 2 bedrooms","69","632","Chase Cottage 2 bedrooms is a holiday cottage to rent, located in Docking, Norfolk. The cottage sleeps 4.","105","645"
"https://www.sowerbysholidaycottages.co.uk/norfolk-holiday-cottages/market-lane-house-3-bedrooms/","Norfolk Holiday Cottage to rent in Brancaster - Market Lane House 3 bedrooms","76","700","Market Lane House 3 bedrooms is a holiday cottage to rent, located in Brancaster, Norfolk. The cottage sleeps 6.","112","693"
"https://www.sowerbysholidaycottages.co.uk/norfolk-holiday-cottages/chapel-cottages-godwit/","Norfolk Holiday Cottage to rent in Holme-next-the-Sea - Chapel Cottages - Godwit","80","724","Chapel Cottages - Godwit is a holiday cottage to rent, located in Holme-next-the-Sea, Norfolk. The cottage sleeps 2.","116","706"
"https://www.sowerbysholidaycottages.co.uk/norfolk-holiday-cottages/badgets-2-bedrooms/","Norfolk Holiday Cottage to rent in Docking - Badgets 2 bedrooms","63","573","Badgets 2 bedrooms is a holiday cottage to rent, located in Docking, Norfolk. The cottage sleeps 4.","99","605"
"https://www.sowerbysholidaycottages.co.uk/norfolk-holiday-cottages/the-pilchard/","Norfolk Holiday Cottage to rent in Wells-next-the-Sea - The Pilchard","68","599","The Pilchard is a holiday cottage to rent, located in Wells-next-the-Sea, Norfolk. The cottage sleeps 8.","104","617"
"https://www.sowerbysholidaycottages.co.uk/map-search/?start_date=&duration=&sleeps=&dogs=&property=&bedrooms=&bathrooms=&village=&new=yes","Map Search - Sowerbys Holiday Cottages","38","365","","0","0"
"https://www.sowerbysholidaycottages.co.uk/norfolk-holiday-cottages/6-monteagle/","Norfolk Holiday Cottage to rent in Wells-next-the-Sea - 6 Monteagle","67","598","6 Monteagle is a holiday cottage to rent, located in Wells-next-the-Sea, Norfolk. The cottage sleeps 2.","103","617"
"https://www.sowerbysholidaycottages.co.uk/norfolk-holiday-cottages/badgets-3-bedrooms/","Norfolk Holiday Cottage to rent in Docking - Badgets 3 Bedrooms","63","574","Badgets 3 Bedrooms is a holiday cottage to rent, located in Docking, Norfolk. The cottage sleeps 6.","99","606"
"https://www.sowerbysholidaycottages.co.uk/norfolk-holiday-cottages/chapel-cottages-bittern/","Norfolk Holiday Cottage to rent in Holme-next-the-Sea - Chapel Cottages - Bittern","81","721","Chapel Cottages - Bittern is a holiday cottage to rent, located in Holme-next-the-Sea, Norfolk. The cottage sleeps 2.","117","703"
"https://www.sowerbysholidaycottages.co.uk/norfolk-holiday-cottages/boathouse-bliss/","Norfolk Holiday Cottage to rent in Heacham - Boathouse Bliss","60","546","Boathouse Bliss is a holiday cottage to rent, located in Heacham, Norfolk. The cottage sleeps 6.","96","586"
"https://www.sowerbysholidaycottages.co.uk/norfolk-holiday-cottages/chapel-cottages-avocet/","Norfolk Holiday Cottage to rent in Holme-next-the-Sea - Chapel Cottages - Avocet","80","723","Chapel Cottages - Avocet is a holiday cottage to rent, located in Holme-next-the-Sea, Norfolk. The cottage sleeps 2.","116","704"
"https://www.sowerbysholidaycottages.co.uk/norfolk-holiday-cottages/harts-house/","Norfolk Holiday Cottage to rent in Burnham Overy Staithe - Hart's House","71","638","Hart's House is a holiday cottage to rent, located in Burnham Overy Staithe, Norfolk. The cottage sleeps 10.","108","658"
"https://www.sowerbysholidaycottages.co.uk/norfolk-holiday-cottages/sea-wood/","Norfolk Holiday Cottage to rent in Brancaster Staithe - Sea Wood","64","574","Sea Wood is a holiday cottage to rent, located in Brancaster Staithe, Norfolk. The cottage sleeps 10.","101","612"
"https://www.sowerbysholidaycottages.co.uk/norfolk-holiday-cottages/chase-cottage/","Norfolk Holiday Cottage to rent in Docking - Chase Cottage","58","521","Chase Cottage is a holiday cottage to rent, located in Docking, Norfolk. The cottage sleeps 8.","94","568"
"https://www.sowerbysholidaycottages.co.uk/norfolk-holiday-cottages/east-fleet/","Norfolk Holiday Cottage to rent in Wells-next-the-Sea - East Fleet","66","576","East Fleet is a holiday cottage to rent, located in Wells-next-the-Sea, Norfolk. The cottage sleeps 2.","102","601"
"https://www.sowerbysholidaycottages.co.uk/norfolk-holiday-cottages/1-knights-cottages/","Norfolk Holiday Cottage to rent in Thornham - 1 Knights Cottages","64","580","1 Knights Cottages is a holiday cottage to rent, located in Thornham, Norfolk. The cottage sleeps 6.","100","610"
"https://www.sowerbysholidaycottages.co.uk/norfolk-holiday-cottages/gillies/","Norfolk Holiday Cottage to rent in Burnham Overy Staithe - Gillies","66","579","Gillies is a holiday cottage to rent, located in Burnham Overy Staithe, Norfolk. The cottage sleeps 10.","103","614"
"https://www.sowerbysholidaycottages.co.uk/norfolk-holiday-cottages/neptune/","Norfolk Holiday Cottage to rent in Heacham - Neptune","52","480","Neptune is a holiday cottage to rent, located in Heacham, Norfolk. The cottage sleeps 6.","88","539"
"https://www.sowerbysholidaycottages.co.uk/norfolk-holiday-cottages/island-house/","Norfolk Holiday Cottage to rent in Brancaster Staithe - Island House","68","599","Island House is a holiday cottage to rent, located in Brancaster Staithe, Norfolk. The cottage sleeps 6.","104","623"
"https://www.sowerbysholidaycottages.co.uk/norfolk-holiday-cottages/sea-wood-3-bedrooms/","Norfolk Holiday Cottage to rent in Brancaster Staithe - Sea Wood 3 bedrooms","75","685","Sea Wood 3 bedrooms is a holiday cottage to rent, located in Brancaster Staithe, Norfolk. The cottage sleeps 6.","111","681"
"https://www.sowerbysholidaycottages.co.uk/norfolk-holiday-cottages/harbour-view/","Norfolk Holiday Cottage to rent in Wells-next-the-Sea - Harbour View","68","608","Harbour View is a holiday cottage to rent, located in Wells-next-the-Sea, Norfolk. The cottage sleeps 8.","104","625"
"https://www.sowerbysholidaycottages.co.uk/norfolk-holiday-cottages/longview-cottage/","Norfolk Holiday Cottage to rent in Wells-next-the-Sea - Longview Cottage","72","648","Longview Cottage is a holiday cottage to rent, located in Wells-next-the-Sea, Norfolk. The cottage sleeps 6.","108","653"
"https://www.sowerbysholidaycottages.co.uk/norfolk-holiday-cottages/5-pauls-maltings/","Norfolk Holiday Cottage to rent in Wells-next-the-Sea - 5 Pauls Maltings","72","635","5 Pauls Maltings is a holiday cottage to rent, located in Wells-next-the-Sea, Norfolk. The cottage sleeps 4.","108","643"
"https://www.sowerbysholidaycottages.co.uk/norfolk-holiday-cottages/sunnydene/","Norfolk Holiday Cottage to rent in Brancaster Staithe - Sunnydene","65","582","Sunnydene is a holiday cottage to rent, located in Brancaster Staithe, Norfolk. The cottage sleeps 6.","101","611"
"https://www.sowerbysholidaycottages.co.uk/norfolk-holiday-cottages/staithe-barn/","Norfolk Holiday Cottage to rent in Burnham Overy Staithe - Staithe Barn","71","634","Staithe Barn is a holiday cottage to rent, located in Burnham Overy Staithe, Norfolk. The cottage sleeps 6.","107","647"
"https://www.sowerbysholidaycottages.co.uk/norfolk-holiday-cottages/the-cottage-overy-staithe/","Norfolk Holiday Cottage to rent in Burnham Overy Staithe - The Cottage Overy Staithe","84","759","The Cottage Overy Staithe is a holiday cottage to rent, located in Burnham Overy Staithe, Norfolk. The cottage sleeps 6.","120","732"
"https://www.sowerbysholidaycottages.co.uk/norfolk-holiday-cottages/ongar-lodge/","Norfolk Holiday Cottage to rent in Old Hunstanton - Ongar Lodge","63","571","Ongar Lodge is a holiday cottage to rent, located in Old Hunstanton, Norfolk. The cottage sleeps 8.","99","606"
"https://www.sowerbysholidaycottages.co.uk/norfolk-holiday-cottages/sea-breeze/","Norfolk Holiday Cottage to rent in Hunstanton - Sea Breeze","58","523","Sea Breeze is a holiday cottage to rent, located in Hunstanton, Norfolk. The cottage sleeps 6.","94","569"
"https://www.sowerbysholidaycottages.co.uk/norfolk-holiday-cottages/pear-tree-cottage/","Norfolk Holiday Cottage to rent in Holme-next-the-Sea - Pear Tree Cottage","73","661","Pear Tree Cottage is a holiday cottage to rent, located in Holme-next-the-Sea, Norfolk. The cottage sleeps 2.","109","660"
"https://www.sowerbysholidaycottages.co.uk/norfolk-holiday-cottages/cobblestones/","Norfolk Holiday Cottage to rent in Brancaster Staithe - Cobblestones","68","606","Cobblestones is a holiday cottage to rent, located in Brancaster Staithe, Norfolk. The cottage sleeps 6.","104","627"
"https://www.sowerbysholidaycottages.co.uk/norfolk-holiday-cottages/falgate/","Norfolk Holiday Cottage to rent in Burnham Overy Staithe - Falgate","66","591","Falgate is a holiday cottage to rent, located in Burnham Overy Staithe, Norfolk. The cottage sleeps 11.","103","625"
"https://www.sowerbysholidaycottages.co.uk/norfolk-holiday-cottages/2-pauls-maltings/","Norfolk Holiday Cottage to rent in Wells-next-the-Sea - 2 Pauls Maltings","72","635","2 Pauls Maltings is a holiday cottage to rent, located in Wells-next-the-Sea, Norfolk. The cottage sleeps 4.","108","643"
"https://www.sowerbysholidaycottages.co.uk/norfolk-holiday-cottages/foam-crest/","Norfolk Holiday Cottage to rent in Heacham - Foam Crest","55","508","Foam Crest is a holiday cottage to rent, located in Heacham, Norfolk. The cottage sleeps 10.","92","566"
"https://www.sowerbysholidaycottages.co.uk/norfolk-holiday-cottages/beachcomber/","Norfolk Holiday Cottage to rent in Heacham - Beachcomber","56","527","Beachcomber is a holiday cottage to rent, located in Heacham, Norfolk. The cottage sleeps 6.","92","572"
"https://www.sowerbysholidaycottages.co.uk/norfolk-holiday-cottages/green-tiles/","Norfolk Holiday Cottage to rent in Old Hunstanton - Green Tiles","63","559","Green Tiles is a holiday cottage to rent, located in Old Hunstanton, Norfolk. The cottage sleeps 8.","99","593"
"https://www.sowerbysholidaycottages.co.uk/norfolk-holiday-cottages/4-pauls-maltings/","Norfolk Holiday Cottage to rent in Wells-next-the-Sea - 4 Pauls Maltings","72","635","4 Pauls Maltings is a holiday cottage to rent, located in Wells-next-the-Sea, Norfolk. The cottage sleeps 4.","108","643"
"https://www.sowerbysholidaycottages.co.uk/norfolk-holiday-cottages/6-the-granary/","Norfolk Holiday Cottage to rent in Wells-next-the-Sea - 6 The Granary","69","612","6 The Granary is a holiday cottage to rent, located in Wells-next-the-Sea, Norfolk. The cottage sleeps 2.","105","628"
"https://www.sowerbysholidaycottages.co.uk/norfolk-holiday-cottages/mow-creek-cottage/","Norfolk Holiday Cottage to rent in Brancaster Staithe - Mow Creek Cottage","73","660","Mow Creek Cottage is a holiday cottage to rent, located in Brancaster Staithe, Norfolk. The cottage sleeps 6.","109","664"
"https://www.sowerbysholidaycottages.co.uk/norfolk-holiday-cottages/cockle-beach/","Norfolk Holiday Cottage to rent in Heacham - Cockle Beach","57","524","Cockle Beach is a holiday cottage to rent, located in Heacham, Norfolk. The cottage sleeps 4.","93","569"
"https://www.sowerbysholidaycottages.co.uk/norfolk-holiday-cottages/2-knights-cottages/","Norfolk Holiday Cottage to rent in Thornham - 2 Knights Cottages","64","580","2 Knights Cottages is a holiday cottage to rent, located in Thornham, Norfolk. The cottage sleeps 6.","100","610"
"https://www.sowerbysholidaycottages.co.uk/norfolk-holiday-cottages/2-dormy-house/","Norfolk Holiday Cottage to rent in Brancaster - 2 Dormy House","61","551","2 Dormy House is a holiday cottage to rent, located in Brancaster, Norfolk. The cottage sleeps 2.","97","590"
"https://www.sowerbysholidaycottages.co.uk/norfolk-holiday-cottages/quayside/","Norfolk Holiday Cottage to rent in Wells-next-the-Sea - Quayside","64","569","Quayside is a holiday cottage to rent, located in Wells-next-the-Sea, Norfolk. The cottage sleeps 4.","100","598"
"https://www.sowerbysholidaycottages.co.uk/norfolk-holiday-cottages/washington-lodge/","Norfolk Holiday Cottage to rent in Heacham - Washington Lodge","61","570","Washington Lodge is a holiday cottage to rent, located in Heacham, Norfolk. The cottage sleeps 4.","97","603"
"https://www.sowerbysholidaycottages.co.uk/norfolk-holiday-cottages/harrier-cottage/","Norfolk Holiday Cottage to rent in Thornham - Harrier Cottage","61","548","Harrier Cottage is a holiday cottage to rent, located in Thornham, Norfolk. The cottage sleeps 6.","97","587"
"https://www.sowerbysholidaycottages.co.uk/norfolk-holiday-cottages/sea-view/","Norfolk Holiday Cottage to rent in Heacham - Sea View","53","487","Sea View is a holiday cottage to rent, located in Heacham, Norfolk. The cottage sleeps 4.","89","542"
"https://www.sowerbysholidaycottages.co.uk/norfolk-holiday-cottages/scotts-lodge/","Norfolk Holiday Cottage to rent in Burnham Overy Staithe - Scott's Lodge","72","644","Scott's Lodge is a holiday cottage to rent, located in Burnham Overy Staithe, Norfolk. The cottage sleeps 5.","108","654"
"https://www.sowerbysholidaycottages.co.uk/norfolk-holiday-cottages/sandbanks/","Norfolk Holiday Cottage to rent in Wells-next-the-Sea - Sandbanks","65","585","Sandbanks is a holiday cottage to rent, located in Wells-next-the-Sea, Norfolk. The cottage sleeps 8.","101","610"
"https://www.sowerbysholidaycottages.co.uk/map-search/?start_date=&duration=&sleeps=&dogs=&property=&action=quicksearch&bedrooms=&bathrooms=&village=&has_sea_view=yes","Map Search - Sowerbys Holiday Cottages","38","365","","0","0"
"https://www.sowerbysholidaycottages.co.uk/norfolk-holiday-cottages/harbour-cottage/","Norfolk Holiday Cottage to rent in Wells-next-the-Sea - Harbour Cottage","71","635","Harbour Cottage is a holiday cottage to rent, located in Wells-next-the-Sea, Norfolk. The cottage sleeps 7.","107","645"
"https://www.sowerbysholidaycottages.co.uk/property-details-print/?propertyID=3401","Sowerbys Holiday Cottages | Property details for Violet","55","486","Sowerbys Holiday Cottages. Established local agency offering the finest holiday cottages in coastal North Norfolk.","114","704"
"https://www.sowerbysholidaycottages.co.uk/norfolk-holiday-cottages/samphire-cottage/","Norfolk Holiday Cottage to rent in Brancaster Staithe - Samphire Cottage","72","646","Samphire Cottage is a holiday cottage to rent, located in Brancaster Staithe, Norfolk. The cottage sleeps 5.","108","654"
"https://www.sowerbysholidaycottages.co.uk/norfolk-holiday-cottages/lime-cottage/","Norfolk Holiday Cottage to rent in Ringstead - Lime Cottage","59","528","Lime Cottage is a holiday cottage to rent, located in Ringstead, Norfolk. The cottage sleeps 6.","95","572"
"https://www.sowerbysholidaycottages.co.uk/norfolk-holiday-cottages/lilac-cottage/","Norfolk Holiday Cottage to rent in Burnham Overy Town - Lilac Cottage","69","627","Lilac Cottage is a holiday cottage to rent, located in Burnham Overy Town, Norfolk. The cottage sleeps 6.","105","643"
"https://www.sowerbysholidaycottages.co.uk/norfolk-holiday-cottages/dolphin-cottage/","Norfolk Holiday Cottage to rent in Old Hunstanton - Dolphin Cottage","67","600","Dolphin Cottage is a holiday cottage to rent, located in Old Hunstanton, Norfolk. The cottage sleeps 4.","103","625"
"https://www.sowerbysholidaycottages.co.uk/norfolk-holiday-cottages/beamish/","Norfolk Holiday Cottage to rent in Holme-next-the-Sea - Beamish","63","575","Beamish is a holiday cottage to rent, located in Holme-next-the-Sea, Norfolk. The cottage sleeps 6.","99","602"
"https://www.sowerbysholidaycottages.co.uk/norfolk-holiday-cottages/josh-cottage/","Norfolk Holiday Cottage to rent in South Creake - Josh Cottage","62","557","Josh Cottage is a holiday cottage to rent, located in South Creake, Norfolk. The cottage sleeps 5.","98","593"
"https://www.sowerbysholidaycottages.co.uk/norfolk-holiday-cottages/old-barn/","Norfolk Holiday Cottage to rent in Holme-next-the-Sea - Old Barn","64","573","Old Barn is a holiday cottage to rent, located in Holme-next-the-Sea, Norfolk. The cottage sleeps 8.","100","602"
"https://www.sowerbysholidaycottages.co.uk/norfolk-holiday-cottages/brent-burn/","Norfolk Holiday Cottage to rent in Burnham Market - Brent Burn","62","561","Brent Burn is a holiday cottage to rent, located in Burnham Market, Norfolk. The cottage sleeps 4.","98","598"
"https://www.sowerbysholidaycottages.co.uk/norfolk-holiday-cottages/orchard-house-140/","Norfolk Holiday Cottage to rent in Blakeney - Orchard House 140","63","569","Orchard House 140 is a holiday cottage to rent, located in Blakeney, Norfolk. The cottage sleeps 10.","100","611"
"https://www.sowerbysholidaycottages.co.uk/norfolk-holiday-cottages/lapwing/","Norfolk Holiday Cottage to rent in Brancaster - Lapwing","55","490","Lapwing is a holiday cottage to rent, located in Brancaster, Norfolk. The cottage sleeps 6.","91","549"
"https://www.sowerbysholidaycottages.co.uk/norfolk-holiday-cottages/beck-cottage/","Norfolk Holiday Cottage to rent in South Creake - Beck Cottage","62","557","Beck Cottage is a holiday cottage to rent, located in South Creake, Norfolk. The cottage sleeps 4.","98","592"
"https://www.sowerbysholidaycottages.co.uk/norfolk-holiday-cottages/garden-cottage/","Norfolk Holiday Cottage to rent in Ringstead - Garden Cottage","61","548","Garden Cottage is a holiday cottage to rent, located in Ringstead, Norfolk. The cottage sleeps 4.","97","588"
"https://www.sowerbysholidaycottages.co.uk/norfolk-holiday-cottages/pinkleton/","Norfolk Holiday Cottage to rent in Egmere - Pinkleton","53","471","Pinkleton is a holiday cottage to rent, located in Egmere, Norfolk. The cottage sleeps 6.","89","531"
"https://www.sowerbysholidaycottages.co.uk/norfolk-holiday-cottages/linksway-2-bedrooms/","Norfolk Holiday Cottage to rent in Brancaster - Linksway 2 bedrooms","67","608","Linksway 2 bedrooms is a holiday cottage to rent, located in Brancaster, Norfolk. The cottage sleeps 4.","103","631"
"https://www.sowerbysholidaycottages.co.uk/norfolk-holiday-cottages/seal-cottage/","Norfolk Holiday Cottage to rent in Wells-next-the-Sea - Seal Cottage","68","602","Seal Cottage is a holiday cottage to rent, located in Wells-next-the-Sea, Norfolk. The cottage sleeps 6.","104","619"
"https://www.sowerbysholidaycottages.co.uk/norfolk-holiday-cottages/lantern-cottage/","Norfolk Holiday Cottage to rent in Burnham Overy Staithe - Lantern Cottage","74","669","Lantern Cottage is a holiday cottage to rent, located in Burnham Overy Staithe, Norfolk. The cottage sleeps 4.","110","672"
"https://www.sowerbysholidaycottages.co.uk/norfolk-holiday-cottages/skylark/","Norfolk Holiday Cottage to rent in Burnham Overy Staithe - Skylark","66","588","Skylark is a holiday cottage to rent, located in Burnham Overy Staithe, Norfolk. The cottage sleeps 8.","102","615"
"https://www.sowerbysholidaycottages.co.uk/norfolk-holiday-cottages/chadwicks/","Norfolk Holiday Cottage to rent in Brancaster - Chadwicks","57","511","Chadwicks is a holiday cottage to rent, located in Brancaster, Norfolk. The cottage sleeps 10.","94","571"
"https://www.sowerbysholidaycottages.co.uk/norfolk-holiday-cottages/seawards/","Norfolk Holiday Cottage to rent in Old Hunstanton - Seawards","60","545","Seawards is a holiday cottage to rent, located in Old Hunstanton, Norfolk. The cottage sleeps 6.","96","587"
"https://www.sowerbysholidaycottages.co.uk/norfolk-holiday-cottages/lavender-house/","Norfolk Holiday Cottage to rent in Burnham Overy Town - Lavender House","70","654","Lavender House is a holiday cottage to rent, located in Burnham Overy Town, Norfolk. The cottage sleeps 9.","106","662"
"https://www.sowerbysholidaycottages.co.uk/norfolk-holiday-cottages/rose-cottage/","Norfolk Holiday Cottage to rent in Burnham Market - Rose Cottage","64","587","Rose Cottage is a holiday cottage to rent, located in Burnham Market, Norfolk. The cottage sleeps 4.","100","615"
"https://www.sowerbysholidaycottages.co.uk/norfolk-holiday-cottages/field-cottage-in-brancaster-staithe/","Norfolk Holiday Cottage to rent in Brancaster Staithe - Field Cottage in Brancaster Staithe","91","795","Field Cottage in Brancaster Staithe is a holiday cottage to rent, located in Brancaster Staithe, Norfolk. The cottage sleeps 6.","127","757"
"https://www.sowerbysholidaycottages.co.uk/norfolk-holiday-cottages/garden-house/","Norfolk Holiday Cottage to rent in Burnham Market - Garden House","64","594","Garden House is a holiday cottage to rent, located in Burnham Market, Norfolk. The cottage sleeps 4.","100","620"
"https://www.sowerbysholidaycottages.co.uk/norfolk-holiday-cottages/1-railway-cottages/","Norfolk Holiday Cottage to rent in Burnham Market - 1 Railway Cottages","70","637","1 Railway Cottages is a holiday cottage to rent, located in Burnham Market, Norfolk. The cottage sleeps 6.","106","651"
"https://www.sowerbysholidaycottages.co.uk/norfolk-holiday-cottages/lavender-cottage/","Norfolk Holiday Cottage to rent in Burnham Market - Lavender Cottage","68","626","Lavender Cottage is a holiday cottage to rent, located in Burnham Market, Norfolk. The cottage sleeps 5.","104","642"
"https://www.sowerbysholidaycottages.co.uk/norfolk-holiday-cottages/eastwood-house-2-bedrooms/","Norfolk Holiday Cottage to rent in Brancaster - Eastwood House 2 bedrooms","73","675","Eastwood House 2 bedrooms is a holiday cottage to rent, located in Brancaster, Norfolk. The cottage sleeps 4.","109","678"
"https://www.sowerbysholidaycottages.co.uk/norfolk-holiday-cottages/sea-lavender-cottage/","Norfolk Holiday Cottage to rent in Burnham Market - Sea Lavender Cottage","72","665","Sea Lavender Cottage is a holiday cottage to rent, located in Burnham Market, Norfolk. The cottage sleeps 4.","108","668"
"https://www.sowerbysholidaycottages.co.uk/norfolk-holiday-cottages/market-lane-house/","Norfolk Holiday Cottage to rent in Brancaster - Market Lane House","65","589","Market Lane House is a holiday cottage to rent, located in Brancaster, Norfolk. The cottage sleeps 10.","102","624"
"https://www.sowerbysholidaycottages.co.uk/norfolk-holiday-cottages/crows-nest-cottage/","Norfolk Holiday Cottage to rent in Burnham Overy Staithe - Crows Nest Cottage","77","703","Crows Nest Cottage is a holiday cottage to rent, located in Burnham Overy Staithe, Norfolk. The cottage sleeps 4.","113","695"
"https://www.sowerbysholidaycottages.co.uk/norfolk-holiday-cottages/the-cottage-erpingham-court/","Norfolk Holiday Cottage to rent in Old Hunstanton - The Cottage Erpingham Court","79","722","The Cottage Erpingham Court is a holiday cottage to rent, located in Old Hunstanton, Norfolk. The cottage sleeps 6.","115","710"
"https://www.sowerbysholidaycottages.co.uk/norfolk-holiday-cottages/curlew-cottage-2-bedrooms/","Norfolk Holiday Cottage to rent in Brancaster - Curlew Cottage 2 bedrooms","73","664","Curlew Cottage 2 bedrooms is a holiday cottage to rent, located in Brancaster, Norfolk. The cottage sleeps 4.","109","668"
"https://www.sowerbysholidaycottages.co.uk/norfolk-holiday-cottages/old-hunny-cottage/","Norfolk Holiday Cottage to rent in Old Hunstanton - Old Hunny Cottage","69","624","Old Hunny Cottage is a holiday cottage to rent, located in Old Hunstanton, Norfolk. The cottage sleeps 5.","105","643"
"https://www.sowerbysholidaycottages.co.uk/norfolk-holiday-cottages/4-odd-fellows-court/","Norfolk Holiday Cottage to rent in Wells-next-the-sea - 4 Odd Fellows Court","75","664","4 Odd Fellows Court is a holiday cottage to rent, located in Wells-next-the-sea, Norfolk. The cottage sleeps 4.","111","664"
"https://www.sowerbysholidaycottages.co.uk/norfolk-holiday-cottages/saltmarshes/","Norfolk Holiday Cottage to rent in Holme-next-the-Sea - Saltmarshes","67","610","Saltmarshes is a holiday cottage to rent, located in Holme-next-the-Sea, Norfolk. The cottage sleeps 6.","103","626"
"https://www.sowerbysholidaycottages.co.uk/norfolk-holiday-cottages/curlew-cottage/","Norfolk Holiday Cottage to rent in Brancaster - Curlew Cottage","62","553","Curlew Cottage is a holiday cottage to rent, located in Brancaster, Norfolk. The cottage sleeps 6.","98","591"
"https://www.sowerbysholidaycottages.co.uk/norfolk-holiday-cottages/holly-cottage/","Norfolk Holiday Cottage to rent in Docking - Holly Cottage","58","509","Holly Cottage is a holiday cottage to rent, located in Docking, Norfolk. The cottage sleeps 6.","94","560"
"https://www.sowerbysholidaycottages.co.uk/norfolk-holiday-cottages/furnace-cottage/","Norfolk Holiday Cottage to rent in Walsingham - Furnace Cottage","63","577","Furnace Cottage is a holiday cottage to rent, located in Walsingham, Norfolk. The cottage sleeps 6.","99","607"
"https://www.sowerbysholidaycottages.co.uk/norfolk-holiday-cottages/harpers/","Norfolk Holiday Cottage to rent in Burnham Market - Harpers","59","538","Harpers is a holiday cottage to rent, located in Burnham Market, Norfolk. The cottage sleeps 6.","95","581"
"https://www.sowerbysholidaycottages.co.uk/norfolk-holiday-cottages/fleece-house/","Norfolk Holiday Cottage to rent in South Creake - Fleece House","62","559","Fleece House is a holiday cottage to rent, located in South Creake, Norfolk. The cottage sleeps 6.","98","591"
"https://www.sowerbysholidaycottages.co.uk/norfolk-holiday-cottages/cherry-tree-cottage/","Norfolk Holiday Cottage to rent in Stanhoe - Cherry Tree Cottage","64","572","Cherry Tree Cottage is a holiday cottage to rent, located in Stanhoe, Norfolk. The cottage sleeps 6.","100","602"
"https://www.sowerbysholidaycottages.co.uk/norfolk-holiday-cottages/fortune-cottage/","Norfolk Holiday Cottage to rent in Burnham Market - Fortune Cottage","67","612","Fortune Cottage is a holiday cottage to rent, located in Burnham Market, Norfolk. The cottage sleeps 4.","103","633"
"https://www.sowerbysholidaycottages.co.uk/norfolk-holiday-cottages/claremont-house/","Norfolk Holiday Cottage to rent in Burnham Market - Claremont House","67","623","Claremont House is a holiday cottage to rent, located in Burnham Market, Norfolk. The cottage sleeps 8.","103","639"
"https://www.sowerbysholidaycottages.co.uk/norfolk-holiday-cottages/the-new-cottage/","Norfolk Holiday Cottage to rent in Stanhoe - The New Cottage","60","547","The New Cottage is a holiday cottage to rent, located in Stanhoe, Norfolk. The cottage sleeps 4.","96","585"
"https://www.sowerbysholidaycottages.co.uk/norfolk-holiday-cottages/turnstone/","Norfolk Holiday Cottage to rent in Brancaster - Turnstone","57","506","Turnstone is a holiday cottage to rent, located in Brancaster, Norfolk. The cottage sleeps 6.","93","559"
"https://www.sowerbysholidaycottages.co.uk/norfolk-holiday-cottages/field-cottage-in-docking/","Norfolk Holiday Cottage to rent in Docking - Field Cottage in Docking","69","605","Field Cottage in Docking is a holiday cottage to rent, located in Docking, Norfolk. The cottage sleeps 4.","105","625"
"https://www.sowerbysholidaycottages.co.uk/norfolk-holiday-cottages/edinburgh-house-with-annex/","Norfolk Holiday Cottage to rent in Burnham Market - Edinburgh House with Annex","78","722","Edinburgh House with Annex is a holiday cottage to rent, located in Burnham Market, Norfolk. The cottage sleeps 10.","115","718"
"https://www.sowerbysholidaycottages.co.uk/norfolk-holiday-cottages/holly-house/","Norfolk Holiday Cottage to rent in South Creake - Holly House","61","544","Holly House is a holiday cottage to rent, located in South Creake, Norfolk. The cottage sleeps 8.","97","583"
"https://www.sowerbysholidaycottages.co.uk/norfolk-holiday-cottages/wren-cottage/","Norfolk Holiday Cottage to rent in Thornham - Wren Cottage","58","533","Wren Cottage is a holiday cottage to rent, located in Thornham, Norfolk. The cottage sleeps 7.","94","576"
"https://www.sowerbysholidaycottages.co.uk/norfolk-holiday-cottages/langham-house/","Norfolk Holiday Cottage to rent in Holme-next-the-Sea - Langham House","69","643","Langham House is a holiday cottage to rent, located in Holme-next-the-Sea, Norfolk. The cottage sleeps 7.","105","651"
"https://www.sowerbysholidaycottages.co.uk/norfolk-holiday-cottages/honeysuckle-cottage/","Norfolk Holiday Cottage to rent in Old Hunstanton - Honeysuckle Cottage","71","646","Honeysuckle Cottage is a holiday cottage to rent, located in Old Hunstanton, Norfolk. The cottage sleeps 5.","107","657"
"https://www.sowerbysholidaycottages.co.uk/norfolk-holiday-cottages/the-stables-manor-court/","Norfolk Holiday Cottage to rent in Titchwell - The Stables Manor Court","70","621","The Stables Manor Court is a holiday cottage to rent, located in Titchwell, Norfolk. The cottage sleeps 6.","106","635"
"https://www.sowerbysholidaycottages.co.uk/norfolk-holiday-cottages/honeystone-mews/","Norfolk Holiday Cottage to rent in Old Hunstanton - Honeystone Mews","67","621","Honeystone Mews is a holiday cottage to rent, located in Old Hunstanton, Norfolk. The cottage sleeps 5.","103","640"
"https://www.sowerbysholidaycottages.co.uk/norfolk-holiday-cottages/the-manse/","Norfolk Holiday Cottage to rent in South Creake - The Manse","59","537","The Manse is a holiday cottage to rent, located in South Creake, Norfolk. The cottage sleeps 6.","95","577"
"https://www.sowerbysholidaycottages.co.uk/norfolk-holiday-cottages/3-lavender-cottage/","Norfolk Holiday Cottage to rent in Burnham Market - 3 Lavender Cottage","70","642","3 Lavender Cottage is a holiday cottage to rent, located in Burnham Market, Norfolk. The cottage sleeps 4.","106","653"
"https://www.sowerbysholidaycottages.co.uk/norfolk-holiday-cottages/ivy-cottage/","Norfolk Holiday Cottage to rent in Thornham - Ivy Cottage","57","510","Ivy Cottage is a holiday cottage to rent, located in Thornham, Norfolk. The cottage sleeps 6.","93","562"
"https://www.sowerbysholidaycottages.co.uk/norfolk-holiday-cottages/eastwood-house/","Norfolk Holiday Cottage to rent in Brancaster - Eastwood House","62","564","Eastwood House is a holiday cottage to rent, located in Brancaster, Norfolk. The cottage sleeps 8.","98","601"
"https://www.sowerbysholidaycottages.co.uk/norfolk-holiday-cottages/little-tern/","Norfolk Holiday Cottage to rent in Burnham Overy Staithe - Little Tern","70","616","Little Tern is a holiday cottage to rent, located in Burnham Overy Staithe, Norfolk. The cottage sleeps 4.","106","632"
"https://www.sowerbysholidaycottages.co.uk/norfolk-holiday-cottages/edinburgh-house/","Norfolk Holiday Cottage to rent in Burnham Market - Edinburgh House","67","618","Edinburgh House is a holiday cottage to rent, located in Burnham Market, Norfolk. The cottage sleeps 8.","103","638"
"https://www.sowerbysholidaycottages.co.uk/norfolk-holiday-cottages/tucwel/","Norfolk Holiday Cottage to rent in Warham - Tucwel","50","458","Tucwel is a holiday cottage to rent, located in Warham, Norfolk. The cottage sleeps 7.","86","523"
"https://www.sowerbysholidaycottages.co.uk/norfolk-holiday-cottages/norton-cottage/","Norfolk Holiday Cottage to rent in Burnham Norton - Norton Cottage","66","602","Norton Cottage is a holiday cottage to rent, located in Burnham Norton, Norfolk. The cottage sleeps 6.","102","628"
"https://www.sowerbysholidaycottages.co.uk/norfolk-holiday-cottages/the-hideaway-6a/","Norfolk Holiday Cottage to rent in Docking - The Hideaway 6A","60","544","The Hideaway 6A is a holiday cottage to rent, located in Docking, Norfolk. The cottage sleeps 6.","96","584"
"https://www.sowerbysholidaycottages.co.uk/norfolk-holiday-cottages/cornloft-cottage/","Norfolk Holiday Cottage to rent in South Creake - Cornloft Cottage","66","586","Cornloft Cottage is a holiday cottage to rent, located in South Creake, Norfolk. The cottage sleeps 5.","102","613"
"https://www.sowerbysholidaycottages.co.uk/norfolk-holiday-cottages/hilltop-nc/","Norfolk Holiday Cottage to rent in North Creake - Hilltop NC","60","526","Hilltop NC is a holiday cottage to rent, located in North Creake, Norfolk. The cottage sleeps 4.","96","570"
"https://www.sowerbysholidaycottages.co.uk/norfolk-holiday-cottages/east-cottage/","Norfolk Holiday Cottage to rent in Burnham Deepdale - East Cottage","66","603","East Cottage is a holiday cottage to rent, located in Burnham Deepdale, Norfolk. The cottage sleeps 7.","102","625"
"https://www.sowerbysholidaycottages.co.uk/norfolk-holiday-cottages/3-links-court/","Norfolk Holiday Cottage to rent in Brancaster - 3 Links Court","61","532","3 Links Court is a holiday cottage to rent, located in Brancaster, Norfolk. The cottage sleeps 6.","97","577"
"https://www.sowerbysholidaycottages.co.uk/norfolk-holiday-cottages/sandton-house/","Norfolk Holiday Cottage to rent in Wells-next-the-Sea - Sandton House","69","623","Sandton House is a holiday cottage to rent, located in Wells-next-the-Sea, Norfolk. The cottage sleeps 6.","105","636"
"https://www.sowerbysholidaycottages.co.uk/norfolk-holiday-cottages/field-house/","Norfolk Holiday Cottage to rent in Stanhoe - Field House","56","497","Field House is a holiday cottage to rent, located in Stanhoe, Norfolk. The cottage sleeps 7.","92","550"
"https://www.sowerbysholidaycottages.co.uk/norfolk-holiday-cottages/nelson-lodge/","Norfolk Holiday Cottage to rent in Burnham Market - Nelson Lodge","64","589","Nelson Lodge is a holiday cottage to rent, located in Burnham Market, Norfolk. The cottage sleeps 11.","101","624"
"https://www.sowerbysholidaycottages.co.uk/norfolk-holiday-cottages/kitts-cottage/","Norfolk Holiday Cottage to rent in Burnham Market - Kitts Cottage","65","585","Kitts Cottage is a holiday cottage to rent, located in Burnham Market, Norfolk. The cottage sleeps 6.","101","613"
"https://www.sowerbysholidaycottages.co.uk/norfolk-holiday-cottages/butts-corner-2-bedrooms/","Norfolk Holiday Cottage to rent in Wells-next-the-Sea - Butts Corner 2 bedrooms","79","710","Butts Corner 2 bedrooms is a holiday cottage to rent, located in Wells-next-the-Sea, Norfolk. The cottage sleeps 4.","115","696"
"https://www.sowerbysholidaycottages.co.uk/norfolk-holiday-cottages/2-hunts-cottages/","Norfolk Holiday Cottage to rent in Thornham - 2 Hunts Cottages","62","565","2 Hunts Cottages is a holiday cottage to rent, located in Thornham, Norfolk. The cottage sleeps 6.","98","600"
"https://www.sowerbysholidaycottages.co.uk/norfolk-holiday-cottages/3-pond-end-row/","Norfolk Holiday Cottage to rent in Docking - 3 Pond End Row","59","532","3 Pond End Row is a holiday cottage to rent, located in Docking, Norfolk. The cottage sleeps 6.","95","578"
"https://www.sowerbysholidaycottages.co.uk/norfolk-holiday-cottages/butts-corner/","Norfolk Holiday Cottage to rent in Wells-next-the-Sea - Butts Corner","68","599","Butts Corner is a holiday cottage to rent, located in Wells-next-the-Sea, Norfolk. The cottage sleeps 8.","104","619"
"https://www.sowerbysholidaycottages.co.uk/norfolk-holiday-cottages/hare-cottage/","Norfolk Holiday Cottage to rent in Docking - Hare Cottage","57","508","Hare Cottage is a holiday cottage to rent, located in Docking, Norfolk. The cottage sleeps 4.","93","559"
"https://www.sowerbysholidaycottages.co.uk/norfolk-holiday-cottages/pangurs-piece/","Norfolk Holiday Cottage to rent in Burnham Overy Staithe - Pangur's Piece","73","656","Pangur's Piece is a holiday cottage to rent, located in Burnham Overy Staithe, Norfolk. The cottage sleeps 6.","109","661"
"https://www.sowerbysholidaycottages.co.uk/norfolk-holiday-cottages/linksway/","Norfolk Holiday Cottage to rent in Brancaster - Linksway","56","497","Linksway is a holiday cottage to rent, located in Brancaster, Norfolk. The cottage sleeps 8.","92","554"
"https://www.sowerbysholidaycottages.co.uk/map-search/?start_date=&duration=&sleeps=&dogs=&villageorproperty=&bedrooms=&bathrooms=&dogs_by_arrangement=yes&dogs_accepted=yes","Map Search - Sowerbys Holiday Cottages","38","365","","0","0"
"https://www.sowerbysholidaycottages.co.uk/norfolk-holiday-cottages/pickles-cottage/","Norfolk Holiday Cottage to rent in Holme-next-the-Sea - Pickles Cottage","71","637","Pickles Cottage is a holiday cottage to rent, located in Holme-next-the-Sea, Norfolk. The cottage sleeps 8.","107","644"
"https://www.sowerbysholidaycottages.co.uk/property-details-print/?propertyID=3282","Sowerbys Holiday Cottages | Property details for Little Barwick","63","555","Sowerbys Holiday Cottages. Established local agency offering the finest holiday cottages in coastal North Norfolk.","114","704"
"https://www.sowerbysholidaycottages.co.uk/norfolk-holiday-cottages/holly-house-2-bedrooms/","Norfolk Holiday Cottage to rent in South Creake - Holly House 2 bedrooms","72","655","Holly House 2 bedrooms is a holiday cottage to rent, located in South Creake, Norfolk. The cottage sleeps 4.","108","660"
"https://www.sowerbysholidaycottages.co.uk/norfolk-holiday-cottages/la-mouette/","Norfolk Holiday Cottage to rent in Burnham Market - La Mouette","62","569","La Mouette is a holiday cottage to rent, located in Burnham Market, Norfolk. The cottage sleeps 6.","98","602"
"https://www.sowerbysholidaycottages.co.uk/norfolk-holiday-cottages/badgets/","Norfolk Holiday Cottage to rent in Docking - Badgets","52","462","Badgets is a holiday cottage to rent, located in Docking, Norfolk. The cottage sleeps 10.","89","536"
"https://www.sowerbysholidaycottages.co.uk/norfolk-holiday-cottages/saffron-cottage/","Norfolk Holiday Cottage to rent in Burnham Market - Saffron Cottage","67","609","Saffron Cottage is a holiday cottage to rent, located in Burnham Market, Norfolk. The cottage sleeps 4.","103","631"
"https://www.sowerbysholidaycottages.co.uk/norfolk-holiday-cottages/garden-folly/","Norfolk Holiday Cottage to rent in Burnham Market - Garden Folly","64","578","Garden Folly is a holiday cottage to rent, located in Burnham Market, Norfolk. The cottage sleeps 2.","100","609"
"https://www.sowerbysholidaycottages.co.uk/norfolk-holiday-cottages/5-monteagle/","Norfolk Holiday Cottage to rent in Wells-next-the-Sea - 5 Monteagle","67","598","5 Monteagle is a holiday cottage to rent, located in Wells-next-the-Sea, Norfolk. The cottage sleeps 4.","103","617"
"https://www.sowerbysholidaycottages.co.uk/norfolk-holiday-cottages/jeeves-retreat/","Norfolk Holiday Cottage to rent in Old Hunstanton - Jeeves Retreat","66","592","Jeeves Retreat is a holiday cottage to rent, located in Old Hunstanton, Norfolk. The cottage sleeps 8.","102","617"
"https://www.sowerbysholidaycottages.co.uk/norfolk-holiday-cottages/allpoints-cottage/","Norfolk Holiday Cottage to rent in Burnham Market - Allpoints Cottage","69","621","Allpoints Cottage is a holiday cottage to rent, located in Burnham Market, Norfolk. The cottage sleeps 4.","105","638"
"https://www.sowerbysholidaycottages.co.uk/norfolk-holiday-cottages/wellington-cottage/","Norfolk Holiday Cottage to rent in Wells-next-the-Sea - Wellington Cottage","74","658","Wellington Cottage is a holiday cottage to rent, located in Wells-next-the-Sea, Norfolk. The cottage sleeps 6.","110","658"
"https://www.sowerbysholidaycottages.co.uk/norfolk-holiday-cottages/honeystone/","Norfolk Holiday Cottage to rent in Old Hunstanton - Honeystone","62","563","Honeystone is a holiday cottage to rent, located in Old Hunstanton, Norfolk. The cottage sleeps 6.","98","600"
"https://www.sowerbysholidaycottages.co.uk/norfolk-holiday-cottages/old-school-house/","Norfolk Holiday Cottage to rent in Burnham Market - Old School House","68","624","Old School House is a holiday cottage to rent, located in Burnham Market, Norfolk. The cottage sleeps 6.","104","640"
"https://www.sowerbysholidaycottages.co.uk/norfolk-holiday-cottages/beech-cottage/","Norfolk Holiday Cottage to rent in Burnham Norton - Beech Cottage","65","596","Beech Cottage is a holiday cottage to rent, located in Burnham Norton, Norfolk. The cottage sleeps 2.","101","622"
"https://www.sowerbysholidaycottages.co.uk/norfolk-holiday-cottages/windjammer/","Norfolk Holiday Cottage to rent in Holme-next-the-Sea - Windjammer","66","612","Windjammer is a holiday cottage to rent, located in Holme-next-the-Sea, Norfolk. The cottage sleeps 6.","102","626"
"https://www.sowerbysholidaycottages.co.uk/norfolk-holiday-cottages/tern-cottage/","Norfolk Holiday Cottage to rent in Holme-next-the-Sea - Tern Cottage","68","614","Tern Cottage is a holiday cottage to rent, located in Holme-next-the-Sea, Norfolk. The cottage sleeps 4.","104","629"
"https://www.sowerbysholidaycottages.co.uk/norfolk-holiday-cottages/oak-cottage/","Norfolk Holiday Cottage to rent in Brancaster Staithe - Oak Cottage","67","595","Oak Cottage is a holiday cottage to rent, located in Brancaster Staithe, Norfolk. The cottage sleeps 4.","103","620"
"https://www.sowerbysholidaycottages.co.uk/norfolk-holiday-cottages/the-foundry/","Norfolk Holiday Cottage to rent in Burnham Market - The Foundry","63","577","The Foundry is a holiday cottage to rent, located in Burnham Market, Norfolk. The cottage sleeps 6.","99","609"
"https://www.sowerbysholidaycottages.co.uk/norfolk-holiday-cottages/3-smugglers-cove/","Norfolk Holiday Cottage to rent in Wells-next-the-Sea - 3 Smugglers Cove","72","649","3 Smugglers Cove is a holiday cottage to rent, located in Wells-next-the-Sea, Norfolk. The cottage sleeps 4.","108","651"
"https://www.sowerbysholidaycottages.co.uk/norfolk-holiday-cottages/bliss-cottage/","Norfolk Holiday Cottage to rent in Wells-next-the-Sea - Bliss Cottage","69","605","Bliss Cottage is a holiday cottage to rent, located in Wells-next-the-Sea, Norfolk. The cottage sleeps 4.","105","622"
"https://www.sowerbysholidaycottages.co.uk/norfolk-holiday-cottages/sutton-cottage/","Norfolk Holiday Cottage to rent in Burnham Market - Sutton Cottage","66","602","Sutton Cottage is a holiday cottage to rent, located in Burnham Market, Norfolk. The cottage sleeps 2.","102","626"
"https://www.sowerbysholidaycottages.co.uk/norfolk-holiday-cottages/samphire-barn/","Norfolk Holiday Cottage to rent in Binham - Samphire Barn","57","518","Samphire Barn is a holiday cottage to rent, located in Binham, Norfolk. The cottage sleeps 4.","93","566"
"https://www.sowerbysholidaycottages.co.uk/norfolk-holiday-cottages/2-school-row/","Norfolk Holiday Cottage to rent in Thornham - 2 School Row","58","529","2 School Row is a holiday cottage to rent, located in Thornham, Norfolk. The cottage sleeps 4.","94","575"
"https://www.sowerbysholidaycottages.co.uk/norfolk-holiday-cottages/wellfleet-cottage/","Norfolk Holiday Cottage to rent in Wells-next-the-sea - Wellfleet Cottage","73","641","Wellfleet Cottage is a holiday cottage to rent, located in Wells-next-the-sea, Norfolk. The cottage sleeps 5.","109","644"
"https://www.sowerbysholidaycottages.co.uk/norfolk-holiday-cottages/bluebell-cottage/","Norfolk Holiday Cottage to rent in Burnham Market - Bluebell Cottage","68","614","Bluebell Cottage is a holiday cottage to rent, located in Burnham Market, Norfolk. The cottage sleeps 3.","104","632"
"https://www.sowerbysholidaycottages.co.uk/norfolk-holiday-cottages/truncheons-reach/","Norfolk Holiday Cottage to rent in Wells-next-the-Sea - Truncheon's Reach","73","655","Truncheon's Reach is a holiday cottage to rent, located in Wells-next-the-Sea, Norfolk. The cottage sleeps 4.","109","658"
"https://www.sowerbysholidaycottages.co.uk/norfolk-holiday-cottages/seasalt-cottage/","Norfolk Holiday Cottage to rent in Old Hunstanton - Seasalt Cottage","67","600","Seasalt Cottage is a holiday cottage to rent, located in Old Hunstanton, Norfolk. The cottage sleeps 4.","103","624"
"https://www.sowerbysholidaycottages.co.uk/norfolk-holiday-cottages/star-cottage/","Norfolk Holiday Cottage to rent in Docking - Star Cottage","57","502","Star Cottage is a holiday cottage to rent, located in Docking, Norfolk. The cottage sleeps 3.","93","555"
"https://www.sowerbysholidaycottages.co.uk/norfolk-holiday-cottages/grasshopper-cottage/","Norfolk Holiday Cottage to rent in Stanhoe - Grasshopper Cottage","64","582","Grasshopper Cottage is a holiday cottage to rent, located in Stanhoe, Norfolk. The cottage sleeps 4.","100","612"
"https://www.sowerbysholidaycottages.co.uk/norfolk-holiday-cottages/mill-view-burnham-norton/","Norfolk Holiday Cottage to rent in Burnham Norton - Mill View Burnham Norton","76","698","Mill View Burnham Norton is a holiday cottage to rent, located in Burnham Norton, Norfolk. The cottage sleeps 4.","112","693"
"https://www.sowerbysholidaycottages.co.uk/norfolk-holiday-cottages/jeeves-hideaway/","Norfolk Holiday Cottage to rent in Old Hunstanton - Jeeves Hideaway","67","613","Jeeves Hideaway is a holiday cottage to rent, located in Old Hunstanton, Norfolk. The cottage sleeps 2.","103","633"
"https://www.sowerbysholidaycottages.co.uk/norfolk-holiday-cottages/bailey-wick-cottage/","Norfolk Holiday Cottage to rent in Wells-next-the-Sea - Bailey Wick Cottage","75","664","Bailey Wick Cottage is a holiday cottage to rent, located in Wells-next-the-Sea, Norfolk. The cottage sleeps 4.","111","662"
"https://www.sowerbysholidaycottages.co.uk/norfolk-holiday-cottages/ellas-cottage/","Norfolk Holiday Cottage to rent in Wells-next-the-Sea - Ella's Cottage","70","608","Ella's Cottage is a holiday cottage to rent, located in Wells-next-the-Sea, Norfolk. The cottage sleeps 4.","106","624"
"https://www.sowerbysholidaycottages.co.uk/wishlist/","Wishlist - Sowerbys Holiday Cottages","36","330","Save your favourite Sowerbys holiday cottages, compare options and plan your perfect Norfolk getaway with our easy-to-use wishlist feature.","139","873"
"https://www.sowerbysholidaycottages.co.uk/norfolk-holiday-cottages/fox-cottage/","Norfolk Holiday Cottage to rent in Stiffkey - Fox Cottage","57","494","Fox Cottage is a holiday cottage to rent, located in Stiffkey, Norfolk. The cottage sleeps 2.","93","549"
"https://www.sowerbysholidaycottages.co.uk/norfolk-holiday-cottages/sunset-view/","Norfolk Holiday Cottage to rent in Thornham - Sunset View","57","521","Sunset View is a holiday cottage to rent, located in Thornham, Norfolk. The cottage sleeps 4.","93","567"
"https://www.sowerbysholidaycottages.co.uk/popular-norfolk-holiday-areas/old-hunstanton-area/","Holiday cottages in Old Hunstanton area, Norfolk - Sowerbys Holiday Cottages","76","692","Find the perfect holiday cottages to rent for short or long stays in Old Hunstanton area, Norfolk","97","586"
"https://www.sowerbysholidaycottages.co.uk/popular-norfolk-holiday-areas/brancaster-area/","Holiday cottages in Brancaster area, Norfolk - Sowerbys Holiday Cottages","72","650","Find the perfect holiday cottages to rent for short or long stays in Brancaster area, Norfolk","93","556"
"https://www.sowerbysholidaycottages.co.uk/popular-norfolk-holiday-areas/the-burnhams-area/","Holiday cottages in The Burnhams area, Norfolk - Sowerbys Holiday Cottages","74","683","Find the perfect holiday cottages to rent for short or long stays in The Burnhams area, Norfolk","95","578"
"https://www.sowerbysholidaycottages.co.uk/popular-norfolk-holiday-areas/wells-next-the-sea-area/","Holiday cottages in Wells-next-the-Sea area, Norfolk - Sowerbys Holiday Cottages","80","722","Find the perfect holiday cottages to rent for short or long stays in Wells-next-the-Sea area, Norfolk","101","601"
"https://www.sowerbysholidaycottages.co.uk/norfolk-holiday-cottages/boatmans-cottage/","Norfolk Holiday Cottage to rent in Wells-next-the-Sea - Boatman's Cottage","73","657","Boatman's Cottage is a holiday cottage to rent, located in Wells-next-the-Sea, Norfolk. The cottage sleeps 3.","109","660"
"https://www.sowerbysholidaycottages.co.uk/norfolk-holiday-cottages/pebble-cottage/","Norfolk Holiday Cottage to rent in Burnham Market - Pebble Cottage","66","605","Pebble Cottage is a holiday cottage to rent, located in Burnham Market, Norfolk. The cottage sleeps 6.","102","626"
"https://www.sowerbysholidaycottages.co.uk/norfolk-holiday-cottages/orchard-house-docking/","Norfolk Holiday Cottage to rent in Docking - Orchard House Docking","66","598","Orchard House Docking is a holiday cottage to rent, located in Docking, Norfolk. The cottage sleeps 6.","102","623"
"https://www.sowerbysholidaycottages.co.uk/norfolk-holiday-cottages/little-twitchers/","Norfolk Holiday Cottage to rent in Brancaster - Little Twitchers","64","554","Little Twitchers is a holiday cottage to rent, located in Brancaster, Norfolk. The cottage sleeps 5.","100","590"
"https://www.sowerbysholidaycottages.co.uk/norfolk-holiday-cottages/virginia-cottage/","Norfolk Holiday Cottage to rent in Docking - Virginia Cottage","61","533","Virginia Cottage is a holiday cottage to rent, located in Docking, Norfolk. The cottage sleeps 4.","97","576"
"https://www.sowerbysholidaycottages.co.uk/norfolk-holiday-cottages/duckling-cottage/","Norfolk Holiday Cottage to rent in Burnham Market - Duckling Cottage","68","619","Duckling Cottage is a holiday cottage to rent, located in Burnham Market, Norfolk. The cottage sleeps 6.","104","637"
"https://www.sowerbysholidaycottages.co.uk/norfolk-holiday-cottages/bonnierigg/","Norfolk Holiday Cottage to rent in Brancaster Staithe - Bonnierigg","66","579","Bonnierigg is a holiday cottage to rent, located in Brancaster Staithe, Norfolk. The cottage sleeps 6.","102","609"
"https://www.sowerbysholidaycottages.co.uk/norfolk-holiday-cottages/windswept-cottage/","Norfolk Holiday Cottage to rent in Brancaster - Windswept Cottage","65","590","Windswept Cottage is a holiday cottage to rent, located in Brancaster, Norfolk. The cottage sleeps 7.","101","617"
"https://www.sowerbysholidaycottages.co.uk/norfolk-holiday-cottages/cherryhill/","Norfolk Holiday Cottage to rent in North Creake - Cherryhill","60","520","Cherryhill is a holiday cottage to rent, located in North Creake, Norfolk. The cottage sleeps 5.","96","566"
"https://www.sowerbysholidaycottages.co.uk/norfolk-holiday-cottages/2-waterhall-cottages/","Norfolk Holiday Cottage to rent in Wighton - 2 Waterhall Cottages","65","580","2 Waterhall Cottages is a holiday cottage to rent, located in Wighton, Norfolk. The cottage sleeps 5.","101","608"
"https://www.sowerbysholidaycottages.co.uk/property-details-print/?propertyID=5140","Sowerbys Holiday Cottages | Property details for Washmeres","58","541","Sowerbys Holiday Cottages. Established local agency offering the finest holiday cottages in coastal North Norfolk.","114","704"
"https://www.sowerbysholidaycottages.co.uk/norfolk-holiday-cottages/field-cottage-in-fring/","Norfolk Holiday Cottage to rent in Fring - Field Cottage in Fring","65","553","Field Cottage in Fring is a holiday cottage to rent, located in Fring, Norfolk. The cottage sleeps 6.","101","589"
"https://www.sowerbysholidaycottages.co.uk/norfolk-holiday-cottages/hares-end/","Norfolk Holiday Cottage to rent in Burnham Market - Hares End","61","558","Hares End is a holiday cottage to rent, located in Burnham Market, Norfolk. The cottage sleeps 6.","97","595"
