"Address","Indexability","Indexability Status","Crawl Depth","Link Score","Inlinks","Unique Inlinks","Unique JS Inlinks","% of Total","Outlinks","Unique Outlinks","Unique JS Outlinks","External Outlinks","Unique External Outlinks","Unique External JS Outlinks"
"https://www.sowerbysholidaycottages.co.uk/norfolk-holiday-cottages/washmeres/","Indexable","","1","","28","8","0","2.270","41","32","0","38","38","0"
"https://www.sowerbysholidaycottages.co.uk/norfolk-holiday-cottages/little-barwick/","Indexable","","1","","42","10","0","2.830","41","32","0","30","30","0"
"https://www.sowerbysholidaycottages.co.uk/norfolk-holiday-cottages/violet/","Indexable","","1","","45","11","0","3.120","41","32","0","33","33","0"
"https://www.sowerbysholidaycottages.co.uk/norfolk-holiday-cottages/beachside/","Indexable","","1","","15","5","0","1.420","41","32","0","31","31","0"
"https://www.sowerbysholidaycottages.co.uk/norfolk-holiday-cottages/aster-house/","Indexable","","1","","38","10","0","2.830","41","32","0","31","31","0"
"https://www.sowerbysholidaycottages.co.uk/norfolk-holiday-cottages/3-the-old-school/","Indexable","","2","","33","7","0","1.980","41","32","0","30","30","0"
"https://www.sowerbysholidaycottages.co.uk/norfolk-holiday-cottages/channel-view-and-cottage/","Indexable","","2","","46","10","0","2.830","41","32","0","31","31","0"
"https://www.sowerbysholidaycottages.co.uk/norfolk-holiday-cottages/3-marshland-barns/","Indexable","","2","","46","10","0","2.830","41","32","0","34","34","0"
"https://www.sowerbysholidaycottages.co.uk/norfolk-holiday-cottages/the-dairy-barn-2-bedrooms/","Indexable","","2","","46","10","0","2.830","41","32","0","45","45","0"
"https://www.sowerbysholidaycottages.co.uk/norfolk-holiday-cottages/pantiles/","Indexable","","2","","33","7","0","1.980","41","32","0","24","24","0"
"https://www.sowerbysholidaycottages.co.uk/norfolk-holiday-cottages/crowberry-barn/","Indexable","","2","","33","7","0","1.980","41","32","0","31","31","0"
"https://www.sowerbysholidaycottages.co.uk/norfolk-holiday-cottages/close-cottage/","Indexable","","2","","53","11","0","3.120","41","32","0","38","38","0"
"https://www.sowerbysholidaycottages.co.uk/norfolk-holiday-cottages/sunnyvale/","Indexable","","2","","23","5","0","1.420","41","32","0","26","26","0"
"https://www.sowerbysholidaycottages.co.uk/norfolk-holiday-cottages/nelson-cottage/","Indexable","","2","","33","7","0","1.980","41","32","0","29","29","0"
"https://www.sowerbysholidaycottages.co.uk/norfolk-holiday-cottages/sybil-cottage/","Indexable","","2","","23","5","0","1.420","41","32","0","29","29","0"
"https://www.sowerbysholidaycottages.co.uk/norfolk-holiday-cottages/the-old-forge/","Indexable","","2","","23","5","0","1.420","41","32","0","41","41","0"
"https://www.sowerbysholidaycottages.co.uk/norfolk-holiday-cottages/slumber-barn-5-bedrooms/","Indexable","","2","","46","10","0","2.830","41","32","0","38","38","0"
"https://www.sowerbysholidaycottages.co.uk/norfolk-holiday-cottages/flagstaff-cottage/","Indexable","","2","","43","9","0","2.550","41","32","0","31","31","0"
"https://www.sowerbysholidaycottages.co.uk/norfolk-holiday-cottages/the-old-post-office/","Indexable","","2","","33","7","0","1.980","41","32","0","34","34","0"
"https://www.sowerbysholidaycottages.co.uk/norfolk-holiday-cottages/the-dairy-barn/","Indexable","","2","","53","11","0","3.120","41","32","0","45","45","0"
"https://www.sowerbysholidaycottages.co.uk/norfolk-holiday-cottages/oak-tree-cottage/","Indexable","","2","","36","8","0","2.270","41","32","0","35","35","0"
"https://www.sowerbysholidaycottages.co.uk/norfolk-holiday-cottages/1-king-william-cottage/","Indexable","","2","","23","5","0","1.420","41","32","0","33","33","0"
"https://www.sowerbysholidaycottages.co.uk/norfolk-holiday-cottages/flagstaff-boathouse/","Indexable","","2","","46","9","0","2.550","41","32","0","30","30","0"
"https://www.sowerbysholidaycottages.co.uk/norfolk-holiday-cottages/1-crarves/","Indexable","","2","","33","7","0","1.980","41","32","0","30","30","0"
"https://www.sowerbysholidaycottages.co.uk/norfolk-holiday-cottages/the-paddock/","Indexable","","2","","46","10","0","2.830","41","32","0","32","32","0"
"https://www.sowerbysholidaycottages.co.uk/norfolk-holiday-cottages/beehive-cottage/","Indexable","","2","","33","7","0","1.980","41","32","0","30","30","0"
"https://www.sowerbysholidaycottages.co.uk/norfolk-holiday-cottages/eider-cottage/","Indexable","","2","","42","9","0","2.550","41","32","0","38","38","0"
"https://www.sowerbysholidaycottages.co.uk/norfolk-holiday-cottages/mandalay/","Indexable","","2","","33","7","0","1.980","41","32","0","31","31","0"
"https://www.sowerbysholidaycottages.co.uk/norfolk-holiday-cottages/eton-house/","Indexable","","2","","33","7","0","1.980","41","32","0","36","36","0"
"https://www.sowerbysholidaycottages.co.uk/norfolk-holiday-cottages/michaelmas/","Indexable","","2","","39","9","0","2.550","41","32","0","36","36","0"
"https://www.sowerbysholidaycottages.co.uk/norfolk-holiday-cottages/flagstaff-east/","Indexable","","2","","43","9","0","2.550","41","32","0","30","30","0"
"https://www.sowerbysholidaycottages.co.uk/norfolk-holiday-cottages/mill-view/","Indexable","","2","","33","7","0","1.980","41","32","0","32","32","0"
"https://www.sowerbysholidaycottages.co.uk/norfolk-holiday-cottages/3-marshland-barns-2-bedrooms/","Indexable","","2","","46","10","0","2.830","41","32","0","34","34","0"
"https://www.sowerbysholidaycottages.co.uk/norfolk-holiday-cottages/2-railway-cottages/","Indexable","","2","","33","7","0","1.980","41","32","0","31","31","0"
"https://www.sowerbysholidaycottages.co.uk/norfolk-holiday-cottages/channel-cottage/","Indexable","","2","","36","8","0","2.270","41","32","0","23","23","0"
"https://www.sowerbysholidaycottages.co.uk/norfolk-holiday-cottages/western-cottage/","Indexable","","2","","33","7","0","1.980","41","32","0","34","34","0"
"https://www.sowerbysholidaycottages.co.uk/norfolk-holiday-cottages/hill-top-docking/","Indexable","","2","","33","7","0","1.980","41","32","0","25","25","0"
"https://www.sowerbysholidaycottages.co.uk/norfolk-holiday-cottages/eider-cottage-2-bedrooms/","Indexable","","2","","39","9","0","2.550","41","32","0","31","31","0"
"https://www.sowerbysholidaycottages.co.uk/norfolk-holiday-cottages/the-loft/","Indexable","","2","","46","10","0","2.830","41","32","0","28","28","0"
"https://www.sowerbysholidaycottages.co.uk/norfolk-holiday-cottages/4-hare-cottage/","Indexable","","2","","26","6","0","1.700","41","32","0","30","30","0"
"https://www.sowerbysholidaycottages.co.uk/norfolk-holiday-cottages/bridge-farm-barn/","Indexable","","2","","33","7","0","1.980","41","32","0","32","32","0"
"https://www.sowerbysholidaycottages.co.uk/norfolk-holiday-cottages/channel-view/","Indexable","","2","","39","8","0","2.270","41","32","0","25","25","0"
"https://www.sowerbysholidaycottages.co.uk/norfolk-holiday-cottages/the-dairy-barn-3-bedrooms/","Indexable","","2","","46","10","0","2.830","41","32","0","44","44","0"
"https://www.sowerbysholidaycottages.co.uk/norfolk-holiday-cottages/flagstaff-west/","Indexable","","2","","43","9","0","2.550","41","32","0","33","33","0"
"https://www.sowerbysholidaycottages.co.uk/norfolk-holiday-cottages/flagstaff-garden-house/","Indexable","","2","","46","10","0","2.830","41","32","0","28","28","0"
"https://www.sowerbysholidaycottages.co.uk/norfolk-holiday-cottages/eton-house-2-bedrooms/","Indexable","","2","","36","8","0","2.270","41","32","0","33","33","0"
"https://www.sowerbysholidaycottages.co.uk/norfolk-holiday-cottages/avocet-cottage/","Indexable","","2","","33","7","0","1.980","41","32","0","34","34","0"
"https://www.sowerbysholidaycottages.co.uk/norfolk-holiday-cottages/high-barn/","Indexable","","2","","26","6","0","1.700","41","32","0","34","34","0"
"https://www.sowerbysholidaycottages.co.uk/norfolk-holiday-cottages/sanderling/","Indexable","","2","","29","7","0","1.980","41","32","0","34","34","0"
"https://www.sowerbysholidaycottages.co.uk/norfolk-holiday-cottages/the-gables/","Indexable","","2","","26","6","0","1.700","41","32","0","31","31","0"
"https://www.sowerbysholidaycottages.co.uk/norfolk-holiday-cottages/orchard-house-3-bedrooms/","Indexable","","2","","26","6","0","1.700","41","32","0","35","35","0"
"https://www.sowerbysholidaycottages.co.uk/norfolk-holiday-cottages/heron-cottage/","Indexable","","2","","23","5","0","1.420","41","32","0","34","34","0"
"https://www.sowerbysholidaycottages.co.uk/norfolk-holiday-cottages/washington-beach-house/","Indexable","","2","","39","9","0","2.550","41","32","0","45","45","0"
"https://www.sowerbysholidaycottages.co.uk/norfolk-holiday-cottages/sea-lavender-house/","Indexable","","2","","16","4","0","1.130","41","32","0","25","25","0"
"https://www.sowerbysholidaycottages.co.uk/norfolk-holiday-cottages/old-mill-cottage/","Indexable","","2","","26","6","0","1.700","41","32","0","18","18","0"
"https://www.sowerbysholidaycottages.co.uk/norfolk-holiday-cottages/marshview-cottage/","Indexable","","2","","32","8","0","2.270","41","32","0","41","41","0"
"https://www.sowerbysholidaycottages.co.uk/norfolk-holiday-cottages/cherry-house/","Indexable","","2","","16","4","0","1.130","41","32","0","30","30","0"
"https://www.sowerbysholidaycottages.co.uk/norfolk-holiday-cottages/washington-beach-house-with-lodge/","Indexable","","2","","46","10","0","2.830","41","32","0","55","55","0"
"https://www.sowerbysholidaycottages.co.uk/norfolk-holiday-cottages/the-meadows/","Indexable","","2","","26","6","0","1.700","41","32","0","37","37","0"
"https://www.sowerbysholidaycottages.co.uk/norfolk-holiday-cottages/hillcrest-barn/","Indexable","","2","","26","6","0","1.700","41","32","0","28","28","0"
"https://www.sowerbysholidaycottages.co.uk/norfolk-holiday-cottages/the-cartshed-6-marshland-barns/","Indexable","","2","","36","8","0","2.270","41","32","0","37","37","0"
"https://www.sowerbysholidaycottages.co.uk/norfolk-holiday-cottages/old-mill-and-cottage/","Indexable","","2","","33","7","0","1.980","41","32","0","35","35","0"
"https://www.sowerbysholidaycottages.co.uk/norfolk-holiday-cottages/burnham-loft/","Indexable","","2","","19","5","0","1.420","41","32","0","29","29","0"
"https://www.sowerbysholidaycottages.co.uk/norfolk-holiday-cottages/violets-cottage/","Indexable","","2","","19","5","0","1.420","41","32","0","25","25","0"
"https://www.sowerbysholidaycottages.co.uk/norfolk-holiday-cottages/easterly/","Indexable","","2","","26","6","0","1.700","41","32","0","27","27","0"
"https://www.sowerbysholidaycottages.co.uk/norfolk-holiday-cottages/fayette/","Indexable","","2","","29","7","0","1.980","41","32","0","28","28","0"
"https://www.sowerbysholidaycottages.co.uk/norfolk-holiday-cottages/1-manor-farm-barns/","Indexable","","2","","16","4","0","1.130","41","32","0","30","30","0"
"https://www.sowerbysholidaycottages.co.uk/norfolk-holiday-cottages/school-pastures-2-bedrooms/","Indexable","","2","","29","7","0","1.980","41","32","0","23","23","0"
"https://www.sowerbysholidaycottages.co.uk/norfolk-holiday-cottages/lark-house/","Indexable","","2","","16","4","0","1.130","41","32","0","25","25","0"
"https://www.sowerbysholidaycottages.co.uk/norfolk-holiday-cottages/washmeres-2-bedrooms/","Indexable","","2","","26","6","0","1.700","41","32","0","38","38","0"
"https://www.sowerbysholidaycottages.co.uk/norfolk-holiday-cottages/mallards/","Indexable","","2","","29","7","0","1.980","41","32","0","39","39","0"
"https://www.sowerbysholidaycottages.co.uk/norfolk-holiday-cottages/1-manor-farm-barns-3-bedrooms/","Indexable","","2","","19","5","0","1.420","41","32","0","30","30","0"
"https://www.sowerbysholidaycottages.co.uk/norfolk-holiday-cottages/tarnside/","Indexable","","2","","32","8","0","2.270","41","32","0","33","33","0"
"https://www.sowerbysholidaycottages.co.uk/norfolk-holiday-cottages/aspall-escape/","Indexable","","2","","29","7","0","1.980","41","32","0","22","22","0"
"https://www.sowerbysholidaycottages.co.uk/norfolk-holiday-cottages/hope-cottage/","Indexable","","2","","39","9","0","2.550","41","32","0","28","28","0"
"https://www.sowerbysholidaycottages.co.uk/norfolk-holiday-cottages/old-mill/","Indexable","","2","","26","6","0","1.700","41","32","0","46","46","0"
"https://www.sowerbysholidaycottages.co.uk/norfolk-holiday-cottages/scotts-cottage-4-bedrooms/","Indexable","","2","","36","8","0","2.270","41","32","0","34","34","0"
"https://www.sowerbysholidaycottages.co.uk/norfolk-holiday-cottages/amber-cottage/","Indexable","","2","","26","6","0","1.700","41","32","0","35","35","0"
"https://www.sowerbysholidaycottages.co.uk/norfolk-holiday-cottages/mallards-2-bedrooms/","Indexable","","2","","29","7","0","1.980","41","32","0","40","40","0"
"https://www.sowerbysholidaycottages.co.uk/norfolk-holiday-cottages/cockleshed-house/","Indexable","","2","","26","6","0","1.700","41","32","0","36","36","0"
"https://www.sowerbysholidaycottages.co.uk/norfolk-holiday-cottages/salt-marsh/","Indexable","","2","","36","8","0","2.270","41","32","0","38","38","0"
"https://www.sowerbysholidaycottages.co.uk/norfolk-holiday-cottages/louisa-barn/","Indexable","","2","","26","6","0","1.700","41","32","0","37","37","0"
"https://www.sowerbysholidaycottages.co.uk/norfolk-holiday-cottages/olives-cottage/","Indexable","","2","","26","6","0","1.700","41","32","0","36","36","0"
"https://www.sowerbysholidaycottages.co.uk/norfolk-holiday-cottages/the-cartshed-6-marshland-barns-2-bedrooms/","Indexable","","2","","36","8","0","2.270","41","32","0","37","37","0"
"https://www.sowerbysholidaycottages.co.uk/norfolk-holiday-cottages/basils-barn/","Indexable","","2","","29","7","0","1.980","41","32","0","38","38","0"
"https://www.sowerbysholidaycottages.co.uk/norfolk-holiday-cottages/school-pastures-6-bedrooms/","Indexable","","2","","36","8","0","2.270","41","32","0","53","53","0"
"https://www.sowerbysholidaycottages.co.uk/norfolk-holiday-cottages/bell-view-cottage/","Indexable","","2","","22","6","0","1.700","41","32","0","34","34","0"
"https://www.sowerbysholidaycottages.co.uk/norfolk-holiday-cottages/greystones/","Indexable","","2","","43","9","0","2.550","41","32","0","44","44","0"
"https://www.sowerbysholidaycottages.co.uk/norfolk-holiday-cottages/1-manor-farm-barns-2-bedrooms/","Indexable","","2","","16","4","0","1.130","41","32","0","30","30","0"
"https://www.sowerbysholidaycottages.co.uk/norfolk-holiday-cottages/orchard-house-5-bedrooms/","Indexable","","2","","33","7","0","1.980","41","32","0","51","51","0"
"https://www.sowerbysholidaycottages.co.uk/norfolk-holiday-cottages/the-old-smithy/","Indexable","","2","","29","7","0","1.980","41","32","0","23","23","0"
"https://www.sowerbysholidaycottages.co.uk/norfolk-holiday-cottages/the-lamp-house/","Indexable","","2","","29","7","0","1.980","41","32","0","33","33","0"
"https://www.sowerbysholidaycottages.co.uk/norfolk-holiday-cottages/beacon-hill-barn/","Indexable","","2","","43","9","0","2.550","41","32","0","54","54","0"
"https://www.sowerbysholidaycottages.co.uk/norfolk-holiday-cottages/seaborne-penthouse/","Indexable","","2","","29","7","0","1.980","41","32","0","38","38","0"
"https://www.sowerbysholidaycottages.co.uk/norfolk-holiday-cottages/oystercatchers/","Indexable","","2","","19","5","0","1.420","41","32","0","25","25","0"
"https://www.sowerbysholidaycottages.co.uk/norfolk-holiday-cottages/the-saltings/","Indexable","","2","","43","9","0","2.550","41","32","0","42","42","0"
"https://www.sowerbysholidaycottages.co.uk/norfolk-holiday-cottages/sail-away/","Indexable","","2","","39","9","0","2.550","41","32","0","24","24","0"
"https://www.sowerbysholidaycottages.co.uk/norfolk-holiday-cottages/peewits-penthouse/","Indexable","","2","","29","7","0","1.980","41","32","0","30","30","0"
"https://www.sowerbysholidaycottages.co.uk/norfolk-holiday-cottages/heronsway/","Indexable","","2","","32","8","0","2.270","41","32","0","30","30","0"
"https://www.sowerbysholidaycottages.co.uk/norfolk-holiday-cottages/slumber-barn-3-bedrooms/","Indexable","","2","","29","7","0","1.980","41","32","0","38","38","0"
"https://www.sowerbysholidaycottages.co.uk/norfolk-holiday-cottages/blackbird-barn/","Indexable","","2","","36","8","0","2.270","41","32","0","40","40","0"
"https://www.sowerbysholidaycottages.co.uk/norfolk-holiday-cottages/driftwood/","Indexable","","2","","29","7","0","1.980","41","32","0","36","36","0"
"https://www.sowerbysholidaycottages.co.uk/norfolk-holiday-cottages/scotts-cottage-6-bedrooms/","Indexable","","2","","43","9","0","2.550","41","32","0","37","37","0"
"https://www.sowerbysholidaycottages.co.uk/norfolk-holiday-cottages/cobblestone-cottage/","Indexable","","2","","26","6","0","1.700","41","32","0","32","32","0"
"https://www.sowerbysholidaycottages.co.uk/norfolk-holiday-cottages/allerdale-house/","Indexable","","2","","19","5","0","1.420","41","32","0","35","35","0"
"https://www.sowerbysholidaycottages.co.uk/norfolk-holiday-cottages/school-pastures-4-bedrooms/","Indexable","","2","","29","7","0","1.980","41","32","0","48","48","0"
"https://www.sowerbysholidaycottages.co.uk/norfolk-holiday-cottages/spring-cottage/","Indexable","","2","","19","5","0","1.420","41","32","0","38","38","0"
"https://www.sowerbysholidaycottages.co.uk/norfolk-holiday-cottages/stearmans-cottage/","Indexable","","2","","23","5","0","1.420","41","32","0","41","41","0"
"https://www.sowerbysholidaycottages.co.uk/norfolk-holiday-cottages/tides/","Indexable","","2","","39","9","0","2.550","41","32","0","28","28","0"
"https://www.sowerbysholidaycottages.co.uk/norfolk-holiday-cottages/chase-cottage-2-bedrooms/","Indexable","","2","","33","7","0","1.980","41","32","0","33","33","0"
"https://www.sowerbysholidaycottages.co.uk/norfolk-holiday-cottages/market-lane-house-3-bedrooms/","Indexable","","2","","30","6","0","1.700","41","32","0","35","35","0"
"https://www.sowerbysholidaycottages.co.uk/norfolk-holiday-cottages/chapel-cottages-godwit/","Indexable","","2","","33","7","0","1.980","41","32","0","24","24","0"
"https://www.sowerbysholidaycottages.co.uk/norfolk-holiday-cottages/badgets-2-bedrooms/","Indexable","","2","","30","6","0","1.700","41","32","0","29","29","0"
"https://www.sowerbysholidaycottages.co.uk/norfolk-holiday-cottages/the-pilchard/","Indexable","","2","","30","6","0","1.700","41","32","0","29","29","0"
"https://www.sowerbysholidaycottages.co.uk/norfolk-holiday-cottages/6-monteagle/","Indexable","","2","","23","5","0","1.420","41","32","0","26","26","0"
"https://www.sowerbysholidaycottages.co.uk/norfolk-holiday-cottages/badgets-3-bedrooms/","Indexable","","2","","30","6","0","1.700","41","32","0","29","29","0"
"https://www.sowerbysholidaycottages.co.uk/norfolk-holiday-cottages/chapel-cottages-bittern/","Indexable","","2","","23","5","0","1.420","41","32","0","20","20","0"
"https://www.sowerbysholidaycottages.co.uk/norfolk-holiday-cottages/boathouse-bliss/","Indexable","","2","","40","8","0","2.270","41","32","0","34","34","0"
"https://www.sowerbysholidaycottages.co.uk/norfolk-holiday-cottages/chapel-cottages-avocet/","Indexable","","2","","33","7","0","1.980","41","32","0","21","21","0"
"https://www.sowerbysholidaycottages.co.uk/norfolk-holiday-cottages/harts-house/","Indexable","","2","","40","8","0","2.270","41","32","0","33","33","0"
"https://www.sowerbysholidaycottages.co.uk/norfolk-holiday-cottages/sea-wood/","Indexable","","2","","40","8","0","2.270","41","32","0","30","30","0"
"https://www.sowerbysholidaycottages.co.uk/norfolk-holiday-cottages/chase-cottage/","Indexable","","2","","33","7","0","1.980","41","32","0","32","32","0"
"https://www.sowerbysholidaycottages.co.uk/norfolk-holiday-cottages/east-fleet/","Indexable","","2","","26","6","0","1.700","41","32","0","16","16","0"
"https://www.sowerbysholidaycottages.co.uk/norfolk-holiday-cottages/1-knights-cottages/","Indexable","","2","","33","7","0","1.980","41","32","0","32","32","0"
"https://www.sowerbysholidaycottages.co.uk/norfolk-holiday-cottages/gillies/","Indexable","","2","","40","8","0","2.270","41","32","0","28","28","0"
"https://www.sowerbysholidaycottages.co.uk/norfolk-holiday-cottages/neptune/","Indexable","","2","","23","5","0","1.420","41","32","0","33","33","0"
"https://www.sowerbysholidaycottages.co.uk/norfolk-holiday-cottages/island-house/","Indexable","","2","","33","7","0","1.980","41","32","0","21","21","0"
"https://www.sowerbysholidaycottages.co.uk/norfolk-holiday-cottages/sea-wood-3-bedrooms/","Indexable","","2","","33","7","0","1.980","41","32","0","27","27","0"
"https://www.sowerbysholidaycottages.co.uk/norfolk-holiday-cottages/harbour-view/","Indexable","","2","","33","7","0","1.980","41","32","0","36","36","0"
"https://www.sowerbysholidaycottages.co.uk/norfolk-holiday-cottages/longview-cottage/","Indexable","","2","","33","7","0","1.980","41","32","0","39","39","0"
"https://www.sowerbysholidaycottages.co.uk/norfolk-holiday-cottages/5-pauls-maltings/","Indexable","","2","","26","6","0","1.700","41","32","0","31","31","0"
"https://www.sowerbysholidaycottages.co.uk/norfolk-holiday-cottages/sunnydene/","Indexable","","2","","33","7","0","1.980","41","32","0","35","35","0"
"https://www.sowerbysholidaycottages.co.uk/norfolk-holiday-cottages/staithe-barn/","Indexable","","2","","23","5","0","1.420","41","32","0","37","37","0"
"https://www.sowerbysholidaycottages.co.uk/norfolk-holiday-cottages/the-cottage-overy-staithe/","Indexable","","2","","33","7","0","1.980","41","32","0","36","36","0"
"https://www.sowerbysholidaycottages.co.uk/norfolk-holiday-cottages/ongar-lodge/","Indexable","","2","","33","7","0","1.980","41","32","0","31","31","0"
"https://www.sowerbysholidaycottages.co.uk/norfolk-holiday-cottages/sea-breeze/","Indexable","","2","","23","5","0","1.420","41","32","0","28","28","0"
"https://www.sowerbysholidaycottages.co.uk/norfolk-holiday-cottages/pear-tree-cottage/","Indexable","","2","","36","8","0","2.270","41","32","0","25","25","0"
"https://www.sowerbysholidaycottages.co.uk/norfolk-holiday-cottages/cobblestones/","Indexable","","2","","33","7","0","1.980","41","32","0","34","34","0"
"https://www.sowerbysholidaycottages.co.uk/norfolk-holiday-cottages/falgate/","Indexable","","2","","30","6","0","1.700","41","32","0","34","34","0"
"https://www.sowerbysholidaycottages.co.uk/norfolk-holiday-cottages/2-pauls-maltings/","Indexable","","2","","26","6","0","1.700","41","32","0","34","34","0"
"https://www.sowerbysholidaycottages.co.uk/norfolk-holiday-cottages/foam-crest/","Indexable","","2","","40","8","0","2.270","41","32","0","35","35","0"
"https://www.sowerbysholidaycottages.co.uk/norfolk-holiday-cottages/beachcomber/","Indexable","","2","","33","7","0","1.980","41","32","0","36","36","0"
"https://www.sowerbysholidaycottages.co.uk/norfolk-holiday-cottages/green-tiles/","Indexable","","2","","33","7","0","1.980","41","32","0","40","40","0"
"https://www.sowerbysholidaycottages.co.uk/norfolk-holiday-cottages/4-pauls-maltings/","Indexable","","2","","26","6","0","1.700","41","32","0","27","27","0"
"https://www.sowerbysholidaycottages.co.uk/norfolk-holiday-cottages/6-the-granary/","Indexable","","2","","26","6","0","1.700","41","32","0","20","20","0"
"https://www.sowerbysholidaycottages.co.uk/norfolk-holiday-cottages/mow-creek-cottage/","Indexable","","2","","33","7","0","1.980","41","32","0","34","34","0"
"https://www.sowerbysholidaycottages.co.uk/norfolk-holiday-cottages/cockle-beach/","Indexable","","2","","36","8","0","2.270","41","32","0","33","33","0"
"https://www.sowerbysholidaycottages.co.uk/norfolk-holiday-cottages/2-knights-cottages/","Indexable","","2","","33","7","0","1.980","41","32","0","34","34","0"
"https://www.sowerbysholidaycottages.co.uk/norfolk-holiday-cottages/2-dormy-house/","Indexable","","2","","26","6","0","1.700","41","32","0","20","20","0"
"https://www.sowerbysholidaycottages.co.uk/norfolk-holiday-cottages/quayside/","Indexable","","2","","36","8","0","2.270","41","32","0","29","29","0"
"https://www.sowerbysholidaycottages.co.uk/norfolk-holiday-cottages/washington-lodge/","Indexable","","2","","33","7","0","1.980","41","32","0","25","25","0"
"https://www.sowerbysholidaycottages.co.uk/norfolk-holiday-cottages/harrier-cottage/","Indexable","","2","","33","7","0","1.980","41","32","0","23","23","0"
"https://www.sowerbysholidaycottages.co.uk/norfolk-holiday-cottages/sea-view/","Indexable","","2","","33","7","0","1.980","41","32","0","21","21","0"
"https://www.sowerbysholidaycottages.co.uk/norfolk-holiday-cottages/scotts-lodge/","Indexable","","2","","33","7","0","1.980","41","32","0","27","27","0"
"https://www.sowerbysholidaycottages.co.uk/norfolk-holiday-cottages/sandbanks/","Indexable","","2","","33","7","0","1.980","41","32","0","43","43","0"
"https://www.sowerbysholidaycottages.co.uk/norfolk-holiday-cottages/harbour-cottage/","Indexable","","2","","23","5","0","1.420","41","32","0","37","37","0"
"https://www.sowerbysholidaycottages.co.uk/norfolk-holiday-cottages/samphire-cottage/","Indexable","","2","","23","5","0","1.420","41","32","0","24","24","0"
"https://www.sowerbysholidaycottages.co.uk/norfolk-holiday-cottages/lime-cottage/","Indexable","","2","","23","5","0","1.420","41","32","0","28","28","0"
"https://www.sowerbysholidaycottages.co.uk/norfolk-holiday-cottages/lilac-cottage/","Indexable","","2","","23","5","0","1.420","41","32","0","35","35","0"
"https://www.sowerbysholidaycottages.co.uk/norfolk-holiday-cottages/dolphin-cottage/","Indexable","","2","","23","5","0","1.420","41","32","0","22","22","0"
"https://www.sowerbysholidaycottages.co.uk/norfolk-holiday-cottages/beamish/","Indexable","","2","","23","5","0","1.420","41","32","0","33","33","0"
"https://www.sowerbysholidaycottages.co.uk/norfolk-holiday-cottages/josh-cottage/","Indexable","","2","","23","5","0","1.420","41","32","0","33","33","0"
"https://www.sowerbysholidaycottages.co.uk/norfolk-holiday-cottages/old-barn/","Indexable","","2","","23","5","0","1.420","41","32","0","23","23","0"
"https://www.sowerbysholidaycottages.co.uk/norfolk-holiday-cottages/brent-burn/","Indexable","","2","","23","5","0","1.420","41","32","0","31","31","0"
"https://www.sowerbysholidaycottages.co.uk/norfolk-holiday-cottages/orchard-house-140/","Indexable","","2","","30","6","0","1.700","41","32","0","39","39","0"
"https://www.sowerbysholidaycottages.co.uk/norfolk-holiday-cottages/lapwing/","Indexable","","2","","23","5","0","1.420","41","32","0","32","32","0"
"https://www.sowerbysholidaycottages.co.uk/norfolk-holiday-cottages/beck-cottage/","Indexable","","2","","23","5","0","1.420","41","32","0","27","27","0"
"https://www.sowerbysholidaycottages.co.uk/norfolk-holiday-cottages/garden-cottage/","Indexable","","2","","23","5","0","1.420","41","32","0","34","34","0"
"https://www.sowerbysholidaycottages.co.uk/norfolk-holiday-cottages/pinkleton/","Indexable","","2","","23","5","0","1.420","41","32","0","29","29","0"
"https://www.sowerbysholidaycottages.co.uk/norfolk-holiday-cottages/linksway-2-bedrooms/","Indexable","","2","","23","5","0","1.420","41","32","0","39","39","0"
"https://www.sowerbysholidaycottages.co.uk/norfolk-holiday-cottages/seal-cottage/","Indexable","","2","","23","5","0","1.420","41","32","0","28","28","0"
"https://www.sowerbysholidaycottages.co.uk/norfolk-holiday-cottages/lantern-cottage/","Indexable","","2","","23","5","0","1.420","41","32","0","30","30","0"
"https://www.sowerbysholidaycottages.co.uk/norfolk-holiday-cottages/skylark/","Indexable","","2","","23","5","0","1.420","41","32","0","32","32","0"
"https://www.sowerbysholidaycottages.co.uk/norfolk-holiday-cottages/chadwicks/","Indexable","","2","","30","6","0","1.700","41","32","0","34","34","0"
"https://www.sowerbysholidaycottages.co.uk/norfolk-holiday-cottages/seawards/","Indexable","","2","","23","5","0","1.420","41","32","0","33","33","0"
"https://www.sowerbysholidaycottages.co.uk/norfolk-holiday-cottages/lavender-house/","Indexable","","2","","23","5","0","1.420","41","32","0","39","39","0"
"https://www.sowerbysholidaycottages.co.uk/norfolk-holiday-cottages/rose-cottage/","Indexable","","2","","23","5","0","1.420","41","32","0","23","23","0"
"https://www.sowerbysholidaycottages.co.uk/norfolk-holiday-cottages/field-cottage-in-brancaster-staithe/","Indexable","","2","","23","5","0","1.420","41","32","0","29","29","0"
"https://www.sowerbysholidaycottages.co.uk/norfolk-holiday-cottages/garden-house/","Indexable","","2","","23","5","0","1.420","41","32","0","33","33","0"
"https://www.sowerbysholidaycottages.co.uk/norfolk-holiday-cottages/1-railway-cottages/","Indexable","","2","","23","5","0","1.420","41","32","0","24","24","0"
"https://www.sowerbysholidaycottages.co.uk/norfolk-holiday-cottages/lavender-cottage/","Indexable","","2","","23","5","0","1.420","41","32","0","42","42","0"
"https://www.sowerbysholidaycottages.co.uk/norfolk-holiday-cottages/eastwood-house-2-bedrooms/","Indexable","","2","","23","5","0","1.420","41","32","0","30","30","0"
"https://www.sowerbysholidaycottages.co.uk/norfolk-holiday-cottages/sea-lavender-cottage/","Indexable","","2","","23","5","0","1.420","41","32","0","14","14","0"
"https://www.sowerbysholidaycottages.co.uk/norfolk-holiday-cottages/market-lane-house/","Indexable","","2","","30","6","0","1.700","41","32","0","35","35","0"
"https://www.sowerbysholidaycottages.co.uk/norfolk-holiday-cottages/crows-nest-cottage/","Indexable","","2","","23","5","0","1.420","41","32","0","23","23","0"
"https://www.sowerbysholidaycottages.co.uk/norfolk-holiday-cottages/the-cottage-erpingham-court/","Indexable","","2","","23","5","0","1.420","41","32","0","23","23","0"
"https://www.sowerbysholidaycottages.co.uk/norfolk-holiday-cottages/curlew-cottage-2-bedrooms/","Indexable","","2","","23","5","0","1.420","41","32","0","33","33","0"
"https://www.sowerbysholidaycottages.co.uk/norfolk-holiday-cottages/old-hunny-cottage/","Indexable","","2","","23","5","0","1.420","41","32","0","28","28","0"
"https://www.sowerbysholidaycottages.co.uk/norfolk-holiday-cottages/4-odd-fellows-court/","Indexable","","2","","23","5","0","1.420","41","32","0","30","30","0"
"https://www.sowerbysholidaycottages.co.uk/norfolk-holiday-cottages/saltmarshes/","Indexable","","2","","23","5","0","1.420","41","32","0","19","19","0"
"https://www.sowerbysholidaycottages.co.uk/norfolk-holiday-cottages/curlew-cottage/","Indexable","","2","","23","5","0","1.420","41","32","0","33","33","0"
"https://www.sowerbysholidaycottages.co.uk/norfolk-holiday-cottages/holly-cottage/","Indexable","","2","","23","5","0","1.420","41","32","0","23","23","0"
"https://www.sowerbysholidaycottages.co.uk/norfolk-holiday-cottages/furnace-cottage/","Indexable","","2","","23","5","0","1.420","41","32","0","30","30","0"
"https://www.sowerbysholidaycottages.co.uk/norfolk-holiday-cottages/harpers/","Indexable","","2","","23","5","0","1.420","41","32","0","25","25","0"
"https://www.sowerbysholidaycottages.co.uk/norfolk-holiday-cottages/fleece-house/","Indexable","","2","","23","5","0","1.420","41","32","0","37","37","0"
"https://www.sowerbysholidaycottages.co.uk/norfolk-holiday-cottages/cherry-tree-cottage/","Indexable","","2","","23","5","0","1.420","41","32","0","34","34","0"
"https://www.sowerbysholidaycottages.co.uk/norfolk-holiday-cottages/fortune-cottage/","Indexable","","2","","23","5","0","1.420","41","32","0","28","28","0"
"https://www.sowerbysholidaycottages.co.uk/norfolk-holiday-cottages/claremont-house/","Indexable","","2","","23","5","0","1.420","41","32","0","31","31","0"
"https://www.sowerbysholidaycottages.co.uk/norfolk-holiday-cottages/the-new-cottage/","Indexable","","2","","23","5","0","1.420","41","32","0","31","31","0"
"https://www.sowerbysholidaycottages.co.uk/norfolk-holiday-cottages/turnstone/","Indexable","","2","","23","5","0","1.420","41","32","0","27","27","0"
"https://www.sowerbysholidaycottages.co.uk/norfolk-holiday-cottages/field-cottage-in-docking/","Indexable","","2","","23","5","0","1.420","41","32","0","24","24","0"
"https://www.sowerbysholidaycottages.co.uk/norfolk-holiday-cottages/edinburgh-house-with-annex/","Indexable","","2","","30","6","0","1.700","41","32","0","36","36","0"
"https://www.sowerbysholidaycottages.co.uk/norfolk-holiday-cottages/holly-house/","Indexable","","2","","23","5","0","1.420","41","32","0","30","30","0"
"https://www.sowerbysholidaycottages.co.uk/norfolk-holiday-cottages/wren-cottage/","Indexable","","2","","23","5","0","1.420","41","32","0","35","35","0"
"https://www.sowerbysholidaycottages.co.uk/norfolk-holiday-cottages/langham-house/","Indexable","","2","","23","5","0","1.420","41","32","0","22","22","0"
"https://www.sowerbysholidaycottages.co.uk/norfolk-holiday-cottages/honeysuckle-cottage/","Indexable","","2","","23","5","0","1.420","41","32","0","25","25","0"
"https://www.sowerbysholidaycottages.co.uk/norfolk-holiday-cottages/the-stables-manor-court/","Indexable","","2","","23","5","0","1.420","41","32","0","30","30","0"
"https://www.sowerbysholidaycottages.co.uk/norfolk-holiday-cottages/honeystone-mews/","Indexable","","2","","23","5","0","1.420","41","32","0","30","30","0"
"https://www.sowerbysholidaycottages.co.uk/norfolk-holiday-cottages/the-manse/","Indexable","","2","","23","5","0","1.420","41","32","0","38","38","0"
"https://www.sowerbysholidaycottages.co.uk/norfolk-holiday-cottages/3-lavender-cottage/","Indexable","","2","","23","5","0","1.420","41","32","0","31","31","0"
"https://www.sowerbysholidaycottages.co.uk/norfolk-holiday-cottages/ivy-cottage/","Indexable","","2","","23","5","0","1.420","41","32","0","34","34","0"
"https://www.sowerbysholidaycottages.co.uk/norfolk-holiday-cottages/eastwood-house/","Indexable","","2","","23","5","0","1.420","41","32","0","30","30","0"
"https://www.sowerbysholidaycottages.co.uk/norfolk-holiday-cottages/little-tern/","Indexable","","2","","23","5","0","1.420","41","32","0","27","27","0"
"https://www.sowerbysholidaycottages.co.uk/norfolk-holiday-cottages/edinburgh-house/","Indexable","","2","","23","5","0","1.420","41","32","0","31","31","0"
"https://www.sowerbysholidaycottages.co.uk/norfolk-holiday-cottages/tucwel/","Indexable","","2","","23","5","0","1.420","41","32","0","31","31","0"
"https://www.sowerbysholidaycottages.co.uk/norfolk-holiday-cottages/norton-cottage/","Indexable","","2","","23","5","0","1.420","41","32","0","28","28","0"
"https://www.sowerbysholidaycottages.co.uk/norfolk-holiday-cottages/the-hideaway-6a/","Indexable","","2","","23","5","0","1.420","41","32","0","34","34","0"
"https://www.sowerbysholidaycottages.co.uk/norfolk-holiday-cottages/cornloft-cottage/","Indexable","","2","","23","5","0","1.420","41","32","0","40","40","0"
"https://www.sowerbysholidaycottages.co.uk/norfolk-holiday-cottages/hilltop-nc/","Indexable","","2","","23","5","0","1.420","41","32","0","40","40","0"
"https://www.sowerbysholidaycottages.co.uk/norfolk-holiday-cottages/east-cottage/","Indexable","","2","","23","5","0","1.420","41","32","0","34","34","0"
"https://www.sowerbysholidaycottages.co.uk/norfolk-holiday-cottages/3-links-court/","Indexable","","2","","23","5","0","1.420","41","32","0","32","32","0"
"https://www.sowerbysholidaycottages.co.uk/norfolk-holiday-cottages/sandton-house/","Indexable","","2","","23","5","0","1.420","41","32","0","33","33","0"
"https://www.sowerbysholidaycottages.co.uk/norfolk-holiday-cottages/field-house/","Indexable","","2","","23","5","0","1.420","41","32","0","31","31","0"
"https://www.sowerbysholidaycottages.co.uk/norfolk-holiday-cottages/nelson-lodge/","Indexable","","2","","30","6","0","1.700","41","32","0","30","30","0"
"https://www.sowerbysholidaycottages.co.uk/norfolk-holiday-cottages/kitts-cottage/","Indexable","","2","","23","5","0","1.420","41","32","0","30","30","0"
"https://www.sowerbysholidaycottages.co.uk/norfolk-holiday-cottages/butts-corner-2-bedrooms/","Indexable","","2","","23","5","0","1.420","41","32","0","24","24","0"
"https://www.sowerbysholidaycottages.co.uk/norfolk-holiday-cottages/2-hunts-cottages/","Indexable","","2","","23","5","0","1.420","41","32","0","37","37","0"
"https://www.sowerbysholidaycottages.co.uk/norfolk-holiday-cottages/3-pond-end-row/","Indexable","","2","","23","5","0","1.420","41","32","0","38","38","0"
"https://www.sowerbysholidaycottages.co.uk/norfolk-holiday-cottages/butts-corner/","Indexable","","2","","23","5","0","1.420","41","32","0","26","26","0"
"https://www.sowerbysholidaycottages.co.uk/norfolk-holiday-cottages/hare-cottage/","Indexable","","2","","23","5","0","1.420","41","32","0","33","33","0"
"https://www.sowerbysholidaycottages.co.uk/norfolk-holiday-cottages/pangurs-piece/","Indexable","","2","","23","5","0","1.420","41","32","0","33","33","0"
"https://www.sowerbysholidaycottages.co.uk/norfolk-holiday-cottages/linksway/","Indexable","","2","","23","5","0","1.420","41","32","0","43","43","0"
"https://www.sowerbysholidaycottages.co.uk/norfolk-holiday-cottages/pickles-cottage/","Indexable","","2","","23","5","0","1.420","41","32","0","33","33","0"
"https://www.sowerbysholidaycottages.co.uk/norfolk-holiday-cottages/holly-house-2-bedrooms/","Indexable","","2","","23","5","0","1.420","41","32","0","29","29","0"
"https://www.sowerbysholidaycottages.co.uk/norfolk-holiday-cottages/la-mouette/","Indexable","","2","","23","5","0","1.420","41","32","0","33","33","0"
"https://www.sowerbysholidaycottages.co.uk/norfolk-holiday-cottages/badgets/","Indexable","","2","","30","6","0","1.700","41","32","0","30","30","0"
"https://www.sowerbysholidaycottages.co.uk/norfolk-holiday-cottages/saffron-cottage/","Indexable","","2","","16","4","0","1.130","41","32","0","26","26","0"
"https://www.sowerbysholidaycottages.co.uk/norfolk-holiday-cottages/garden-folly/","Indexable","","2","","16","4","0","1.130","41","32","0","28","28","0"
"https://www.sowerbysholidaycottages.co.uk/norfolk-holiday-cottages/5-monteagle/","Indexable","","2","","16","4","0","1.130","41","32","0","29","29","0"
"https://www.sowerbysholidaycottages.co.uk/norfolk-holiday-cottages/jeeves-retreat/","Indexable","","2","","16","4","0","1.130","41","32","0","37","37","0"
"https://www.sowerbysholidaycottages.co.uk/norfolk-holiday-cottages/allpoints-cottage/","Indexable","","2","","26","6","0","1.700","41","32","0","35","35","0"
"https://www.sowerbysholidaycottages.co.uk/norfolk-holiday-cottages/wellington-cottage/","Indexable","","2","","26","6","0","1.700","41","32","0","28","28","0"
"https://www.sowerbysholidaycottages.co.uk/norfolk-holiday-cottages/honeystone/","Indexable","","2","","16","4","0","1.130","41","32","0","29","29","0"
"https://www.sowerbysholidaycottages.co.uk/norfolk-holiday-cottages/old-school-house/","Indexable","","2","","26","6","0","1.700","41","32","0","31","31","0"
"https://www.sowerbysholidaycottages.co.uk/norfolk-holiday-cottages/beech-cottage/","Indexable","","2","","26","6","0","1.700","41","32","0","27","27","0"
"https://www.sowerbysholidaycottages.co.uk/norfolk-holiday-cottages/windjammer/","Indexable","","2","","26","6","0","1.700","41","32","0","35","35","0"
"https://www.sowerbysholidaycottages.co.uk/norfolk-holiday-cottages/tern-cottage/","Indexable","","2","","26","6","0","1.700","41","32","0","31","31","0"
"https://www.sowerbysholidaycottages.co.uk/norfolk-holiday-cottages/oak-cottage/","Indexable","","2","","26","6","0","1.700","41","32","0","30","30","0"
"https://www.sowerbysholidaycottages.co.uk/norfolk-holiday-cottages/the-foundry/","Indexable","","2","","26","6","0","1.700","41","32","0","28","28","0"
"https://www.sowerbysholidaycottages.co.uk/norfolk-holiday-cottages/3-smugglers-cove/","Indexable","","2","","16","4","0","1.130","41","32","0","29","29","0"
"https://www.sowerbysholidaycottages.co.uk/norfolk-holiday-cottages/bliss-cottage/","Indexable","","2","","26","6","0","1.700","41","32","0","18","18","0"
"https://www.sowerbysholidaycottages.co.uk/norfolk-holiday-cottages/sutton-cottage/","Indexable","","2","","26","6","0","1.700","41","32","0","27","27","0"
"https://www.sowerbysholidaycottages.co.uk/norfolk-holiday-cottages/samphire-barn/","Indexable","","2","","26","6","0","1.700","41","32","0","36","36","0"
"https://www.sowerbysholidaycottages.co.uk/norfolk-holiday-cottages/2-school-row/","Indexable","","2","","26","6","0","1.700","41","32","0","27","27","0"
"https://www.sowerbysholidaycottages.co.uk/norfolk-holiday-cottages/wellfleet-cottage/","Indexable","","2","","26","6","0","1.700","41","32","0","31","31","0"
"https://www.sowerbysholidaycottages.co.uk/norfolk-holiday-cottages/bluebell-cottage/","Indexable","","2","","16","4","0","1.130","41","32","0","25","25","0"
"https://www.sowerbysholidaycottages.co.uk/norfolk-holiday-cottages/truncheons-reach/","Indexable","","2","","16","4","0","1.130","41","32","0","26","26","0"
"https://www.sowerbysholidaycottages.co.uk/norfolk-holiday-cottages/seasalt-cottage/","Indexable","","2","","26","6","0","1.700","41","32","0","29","29","0"
"https://www.sowerbysholidaycottages.co.uk/norfolk-holiday-cottages/star-cottage/","Indexable","","2","","16","4","0","1.130","41","32","0","30","30","0"
"https://www.sowerbysholidaycottages.co.uk/norfolk-holiday-cottages/grasshopper-cottage/","Indexable","","2","","26","6","0","1.700","41","32","0","34","34","0"
"https://www.sowerbysholidaycottages.co.uk/norfolk-holiday-cottages/mill-view-burnham-norton/","Indexable","","2","","26","6","0","1.700","41","32","0","39","39","0"
"https://www.sowerbysholidaycottages.co.uk/norfolk-holiday-cottages/jeeves-hideaway/","Indexable","","2","","16","4","0","1.130","41","32","0","16","16","0"
"https://www.sowerbysholidaycottages.co.uk/norfolk-holiday-cottages/bailey-wick-cottage/","Indexable","","2","","26","6","0","1.700","41","32","0","25","25","0"
"https://www.sowerbysholidaycottages.co.uk/norfolk-holiday-cottages/ellas-cottage/","Indexable","","2","","26","6","0","1.700","41","32","0","30","30","0"
"https://www.sowerbysholidaycottages.co.uk/norfolk-holiday-cottages/fox-cottage/","Indexable","","2","","26","6","0","1.700","41","32","0","28","28","0"
"https://www.sowerbysholidaycottages.co.uk/norfolk-holiday-cottages/sunset-view/","Indexable","","2","","26","6","0","1.700","41","32","0","26","26","0"
"https://www.sowerbysholidaycottages.co.uk/norfolk-holiday-cottages/boatmans-cottage/","Indexable","","2","","29","7","0","1.980","41","32","0","29","29","0"
"https://www.sowerbysholidaycottages.co.uk/norfolk-holiday-cottages/pebble-cottage/","Indexable","","2","","26","6","0","1.700","41","32","0","36","36","0"
"https://www.sowerbysholidaycottages.co.uk/norfolk-holiday-cottages/orchard-house-docking/","Indexable","","2","","26","6","0","1.700","41","32","0","31","31","0"
"https://www.sowerbysholidaycottages.co.uk/norfolk-holiday-cottages/little-twitchers/","Indexable","","2","","26","6","0","1.700","41","32","0","33","33","0"
"https://www.sowerbysholidaycottages.co.uk/norfolk-holiday-cottages/virginia-cottage/","Indexable","","2","","26","6","0","1.700","41","32","0","38","38","0"
"https://www.sowerbysholidaycottages.co.uk/norfolk-holiday-cottages/duckling-cottage/","Indexable","","2","","26","6","0","1.700","41","32","0","31","31","0"
"https://www.sowerbysholidaycottages.co.uk/norfolk-holiday-cottages/bonnierigg/","Indexable","","2","","26","6","0","1.700","41","32","0","44","44","0"
"https://www.sowerbysholidaycottages.co.uk/norfolk-holiday-cottages/windswept-cottage/","Indexable","","2","","26","6","0","1.700","41","32","0","39","39","0"
"https://www.sowerbysholidaycottages.co.uk/norfolk-holiday-cottages/cherryhill/","Indexable","","2","","26","6","0","1.700","41","32","0","30","30","0"
"https://www.sowerbysholidaycottages.co.uk/norfolk-holiday-cottages/2-waterhall-cottages/","Indexable","","2","","26","6","0","1.700","41","32","0","30","30","0"
"https://www.sowerbysholidaycottages.co.uk/norfolk-holiday-cottages/field-cottage-in-fring/","Indexable","","2","","26","6","0","1.700","41","32","0","36","36","0"
"https://www.sowerbysholidaycottages.co.uk/norfolk-holiday-cottages/hares-end/","Indexable","","2","","26","6","0","1.700","41","32","0","26","26","0"
